Actor,Followers,Is_In_IMDB,Score,EstimatedIncome
Sam Worthington,70420,0,10.091322081131876,33.414972438249166
Zoe Saldana,11438061,0,15.414094999364208,34.31914267917337
Stephen Lang,107029,0,10.684929610941168,33.56720308449033
Michelle Rodriguez,9108491,0,16.458741962427165,34.37481539942796
Joel David Moore,81736,0,10.829406663738697,33.602301922812345
CCH Pounder,38123,0,10.396515407044486,33.49485077561645
Laz Alonso,913198,0,12.396064001847918,33.9338216686378
Dileep Rao,1522,0,6.875703373207047,32.36607159085961
Matt Gerald,21914,0,9.404491695871211,33.22273390718084
Sean Anthony Moran,2408,0,8.245590930375899,32.85920527875399
Scott Lawrence,665,0,6.566507543697622,32.245262021951085
Sean Patrick Murphy,1377,0,6.877071811007518,32.36659848872671
Peter Dillon,508,0,5.633450697876455,31.85947561572337
Kevin Dorman,3774,0,8.366216908844287,32.89933666971446
Kelson Henderson,10275,0,10.071528299492702,33.40967403553696
Jacob Tomuri,37339,0,10.699559318654329,33.57079196193493
Jon Curry,984,0,6.90499039459017,32.37733317989516
Luke Hawker,399186,0,13.08542993207929,34.05122500084811
Peter Mensah,30723,0,10.3553426318366,33.48427362999161
Jahnel Curfman,14299,0,9.128697666122823,33.14068075608784
Ilram Choi,30,0,3.3472443217099968,30.779463856329293
Kyla Warren,1339,0,7.286800503823906,32.521275026820895
Lisa Roumain,4568,0,8.762705595632788,33.02749189110992
Debra Wilson,2675,0,7.323012199458018,32.53464964875707
Chris Mala,101,0,4.902886854950185,31.535161752823182
Frankie Torres,1622,0,7.232406638030242,32.50109467554245
Austin Wilson,102881,0,11.413605221475809,33.7364318651523
Sara Wilson,6232,0,8.32526170853349,32.88577090854171
Matthew Chamberlain,4172,0,8.273966471959039,32.868693540431536
Paul Yates,268,0,5.661389324648122,31.871490230926963
James Gaylyn,233,0,5.339692096013873,31.73141870915037
Christopher Nolen,220870,0,12.229763553423432,33.90289447037056
Matt Clayton,1038,0,7.292348510584159,32.52332727200778
Nicole Dionne,1879,0,7.402733867749819,32.56392526722707
Jamie Harrison,63703,0,10.896092885197712,33.618244673144154
Allan Henry,3505,0,8.430809896392365,32.92060725518848
Ashley Jeffery,1688,0,7.416023958952286,32.568783061237085
Terry Notary,12466,0,9.6288854320194,33.28743977038871
Kai Pantano,1667,0,7.253812516644377,32.509049273845086
Raja,3094676,0,15.013205515187847,34.28716842957057
Rhian Sheehan,2084,0,7.874417879738906,32.732376693149384
Jodie Taylor,77903,0,11.761072984407487,33.810282496170295
Alicia Vela-Bailey,35405,0,9.92264319231106,33.36936066182388
Richard Whiteside,805,0,6.878895168318473,32.36730044045034
Nikie Zambo,24,0,3.206033851789018,30.706479977509396
Julene Renee,182,0,5.043143338805294,31.59894059105988
Johnny Depp,28756476,0,17.946831801369207,34.385118790535024
Orlando Bloom,7182511,0,15.998199330200515,34.3551964984025
Keira Knightley,245150,0,12.203330714467638,33.89788543695326
Stellan Skarsgard,11051,0,9.25852722192958,33.179654079501624
Chow Yun-fat,4731,0,8.862614693219212,33.058877070298045
Bill Nighy,380,0,5.677759291885969,31.878516626729827
Geoffrey Rush,6583,0,9.312960498111062,33.19581068611619
Jack Davenport,3569,0,8.4211589245187,32.91743888073898
Kevin McNally,48715,0,10.778537220132414,33.59003102555575
Tom Hollander,86,0,3.9403841466857945,31.078050539540367
Naomie Harris,253908,0,11.961418151732866,33.850854424229
Jonathan Pryce,480,0,5.623133869502202,31.85503178243053
Keith Richards,1529469,0,14.90541420470823,34.277567327133774
Lee Arenberg,14387,0,10.076239883453326,33.41093653409142
Greg Ellis,15922,0,9.464185625123296,33.24012716181583
Martin Klebba,26315,0,10.960019857392938,33.63337489993708
David Schofield,431,0,5.954824219646641,31.995951310435167
Lauren Maher,1760,0,7.6851361423079645,32.66575757195783
Vanessa Branch,2252,0,7.304503424019366,32.52781951713845
Angus Barnett,20,0,3.216800661626986,30.712070458733308
Giles New,99847,0,11.466003533668058,33.747851640288715
Reggie Lee,131700,0,11.719197848665438,33.80161665799828
Dominic Scott Kay,52012,0,10.494494396086338,33.51977163316554
David Meunier,1047,0,6.909274126834725,32.378977748774005
Andy Beckwith,278,0,5.689390348668314,31.8835030020844
Peter Donald Badalamenti II,788,0,7.08130834037063,32.44446812075863
Keith Richards,1529483,0,14.90541420470823,34.277567327133774
Hakeem Kae-Kazim,20612,0,9.619887856995865,33.2848807240262
Ghassan Massoud,3820,0,8.126125022648718,32.81893470936214
Daniel Craig,18750,0,9.004514569265725,33.10282492397116
Christoph Waltz,172695,0,11.650186555006645,33.78719503458001
Lea Seydoux,100452,0,9.25852722192958,33.179654079501624
Ralph Fiennes,28850,0,9.28961176096342,33.18889372107418
Monica Bellucci,5337639,0,15.866586963276836,34.348163037882536
Naomie Harris,253902,0,11.961418151732866,33.850854424229
Dave Bautista,4822633,0,14.495343359573976,34.237153923644044
Andrew Scott,7246,0,8.642874329754227,32.98936633190375
Rory Kinnear,720,0,6.565897075742673,32.245020036237506
Jesper Christensen,3758,0,7.650478664203084,32.65341752195609
Alessandro Cremona,1997,0,7.391216053189465,32.559710044551636
Stephanie Sigman,162702,0,12.97143987617668,34.03301255229063
Tenoch Huerta,1142083,0,12.832675526297924,34.01019973568454
Adriana Paz,194275,0,11.62146772699259,33.78114213729534
Ian Bonar,75,0,4.392730181759283,31.297103345654786
Tam Williams,395,0,5.895328227579104,31.97097076882976
Pip Carter,772,0,6.752651975588188,32.318412071785325
Simon Lenagan,379,0,5.36627383354754,31.74313639421994
Marc Zinga,1705,0,7.304711793035018,32.52789647954786
Brigitte Millar,133,0,5.058018241189356,31.605662409235048
Adel Bencherif,257623,0,12.64610107418758,33.97841565694385
Francesco Arca,595692,0,13.93355753977352,34.17179293432028
George Lasha,97,0,4.573882976516323,31.38272725249887
Sargon Yelda,356,0,5.784091465769949,31.9239181637687
Andy Cheung,550,0,6.253467554909997,32.11938433125064
Erick Hayden,7737,0,9.1755588481158,33.15481911973447
Nigel Barber,41051,0,10.427391706465087,33.5027420634913
Stephane Cornicard,1295,0,7.409814657976051,32.566514242548145
Gary Fannin,664,0,6.700385056882916,32.29800060376975
Phillip Law,14921,0,10.04978581508783,33.403837469734306
Wai Wong,7178,0,8.512757080325919,32.947372755323244
Joseph Balderrama,52,0,3.916787018958472,31.06641779378349
Junichi Kajioka,4253,0,8.410663933662425,32.91398954742354
Detlef Bothe,1033,0,6.569895563698331,32.24660476406183
Noah Saavedra,10867,0,9.626047914574317,33.28663305754067
Michael White,1502,0,7.185597384541708,32.483641517496665
Judi Dench,3076,0,7.8905267960858945,32.73798577222932
Neve Gachev,363,0,6.049866801396582,32.03558787067183
Kim Adis,19400,0,9.77314327215049,33.3280641216061
Michael Caine,5713,0,8.936261142981333,33.08177816217832
Gary Oldman,27058,0,10.211526024636662,33.446840556848095
Anne Hathaway,30824292,0,17.193759026948907,34.39003847433627
Tom Hardy,9709225,0,16.538724459853853,34.37743111348143
Joseph Gordon-Levitt,1314517,0,13.612221740708408,34.129211682401156
Morgan Freeman,4202095,0,15.292480851916013,34.31006475678836
Cillian Murphy,1921885,0,15.248807169777,34.30667256173188
Juno Temple,758929,0,14.131758536678754,34.19617196523108
Liam Neeson,41618,0,10.346222793072403,33.481922377323095
Matthew Modine,820290,0,13.792881218595392,34.153616747152974
Alon Aboutboul,14603,0,9.68634450990234,33.303712090885625
Ben Mendelsohn,30665,0,10.982738925901602,33.63871600619635
Nestor Carbonell,35044,0,11.07104010754402,33.65929556597605
Tom Conti,87,0,4.686259514466528,31.435239382340633
Joey King,18985094,0,16.695595527971882,34.38188111547523
Warren Brown,97408,0,11.480709514575322,33.751038619180015
Daniel Sunjata,538,0,5.870858756270142,31.960659173090527
Nick Julian,1710,0,7.36957100787493,32.55177537524221
Miranda Nolan,838,0,6.528860155434002,32.2303133029023
Claire Julien,29214,0,10.716130099092418,33.57484754684633
Aidan Gillen,7906,0,8.934819411059753,33.08133174724279
Reggie Lee,131697,0,11.719197848665438,33.80161665799828
Joseph Lyle Taylor,54937,0,10.860697766030574,33.60980299910667
Chris Ellis,6501,0,8.184231609692864,32.83858703981059
Duane Henry,28356,0,10.472111052498496,33.514109430901996
James Harvey Ward,61,0,4.144391191418983,31.17777040071065
Gonzalo Menendez,795,0,6.72200045975873,32.30645405975216
Cameron Jack,4117,0,8.196652736981685,32.84277197254405
Lex Daniel,459,0,5.746204158044774,31.907788579557195
Tyler Dean Flores,11926,0,9.73410011486292,33.31714441273218
Thomas Lennon,207344,0,12.479986491746503,33.94904443095373
Trevor White,1875,0,7.2512375106632865,32.508093268463604
Rob Brown,97162,0,11.173258925497702,33.68276223969229
Chris Hill,46077,0,10.750903899973109,33.583325508210336
Jay Benedict,370,0,5.878414773853769,31.96384566820737
Will Estes,120058,0,11.845865693145868,33.82763326178563
David Dayan Fisher,2737,0,8.037452544995288,32.78870635170272
Glen Powell,868735,0,13.593986523319042,34.126681908317714
Russ Fega,727,0,6.867459721074045,32.362896037009506
Brent Briscoe,76,0,4.469252789797874,31.333419202047352
John Nolan,22396,0,10.915363057838784,33.622821289768936
Oliver Cotton,4,0,1.4220376290323131,29.721550970153164
Mark Killeen,474,0,6.357636148504249,32.161670300610915
Sarah Goldberg,1305,0,7.328127857381796,32.53653522267712
John MacMillan,17889,0,8.976612972203034,33.09424174486365
Robert Wisdom,2051,0,7.8962803457612765,32.739986839033676
Ronnie Gene Blevins,8736,0,9.199230703260774,33.161930524758894
John Hollingworth,720,0,6.638551216226118,32.27372385799347
Ian Bohen,2955624,0,12.957293577768407,34.03071918010871
Uri Gavriel,117,0,4.9370868740794265,31.550779934985453
Noel Gugliemi,383968,0,12.837378233649469,34.010984401681114
Patrick Cox,16728,0,9.930684498550672,33.371558728082526
Aramis Knight,99216,0,10.934228967863032,33.62728872294221
Josh Stewart,128904,0,10.808224158165096,33.59720372089143
William Devane,104607,0,10.189183231992528,33.44095713124435
David Gyasi,24082,0,10.069777614238369,33.409204721286514
Patrick Jordan,5707,0,8.609994515311369,32.978813351475075
Joshua Elijah Reese,1080,0,6.923678532515178,32.384502819936884
Desmond Harrington,14855,0,10.244264050323965,33.45542829799198
Tomas Arana,321,0,5.713649985540649,31.893887462437995
Peter Holden,644,0,6.654848720953576,32.28013605083262
David Monahan,2496,0,7.994557403953573,32.773980118214965
Jillian Armenante,23696,0,9.812607456701308,33.33904486219757
Aja Evans,22041,0,10.23222471235423,33.45227473713921
Aldous Davidson,614,0,6.808055750236119,32.33993934217824
Wade Williams,6195,0,8.810462626963169,33.04253975688981
Jake Canuso,46865,0,11.258338189258522,33.70200239383809
Massi Furlan,51456,0,10.842131324341375,33.60535659287872
Christopher Judge,49533,0,9.69159352931429,33.30519257872902
Patrick Leahy,43339,0,9.47970244842992,33.244626993509996
Todd Gearhart,100,0,4.683944090268419,31.434162079587182
Marc Abbink,87,0,4.5420819975429785,31.3677831165778
Isiah Adams,750,0,6.501423628198633,32.21938633736017
Charlie Alejandro,4401,0,8.440492892642444,32.92378271564874
Grant Babbitt,2341,0,7.626332696831328,32.64479417771212
Fileena Bahris,2448,0,7.796364792147855,32.70506427159111
Rick Bolander,109,0,4.7104872495573336,31.446500102946725
Scott Churchson,41325,0,11.153806725260994,33.67832601685807
Bill Cowher,1414,0,7.139248439295402,32.466280938463626
Graham Curry,516,0,6.321601536914918,32.147087439327514
Frank Fata,41854,0,10.233610619487196,33.45263802927941
Sam Harris,365239,0,12.402301792131814,33.93496201773911
Cindy Jackson,31840,0,9.972536321634244,33.38296056549558
Daniel Jordano,1711,0,7.336916742248221,32.539772469355
Tiffany Kemp,10,0,2.224134147679574,30.178800586565565
Alex Kruz,449,0,6.272824414106297,32.12727206811612
LeJon,67,0,4.056666064697499,31.13507659257601
Paul Jude Letersky,139501,0,11.30179829244984,33.71172835506344
Joe Lipari,980,0,6.796912510867382,32.33561863924728
Silvia Lombardo,1750,0,7.498837651098995,32.5989074128884
David Dale McCue,128,0,4.813890303373994,31.494318812410537
Olan Montgomery,1217,0,7.201230278741969,32.489479274511766
Alex Moore,14419,0,9.489989084216996,33.24760522717163
Shane Nolan,42903,0,11.324462155499996,33.716772877004786
Jackson Nunn,21609,0,9.62291449552152,33.285741876640124
Joseph O'Brien,120543,0,11.841458628796616,33.826737949140174
Kyle David Pierce,36094,0,10.853400827946986,33.60805698878907
Troy Polamalu,573993,0,13.61496465074157,34.12959115320261
Michael Power,7783,0,8.857195702607594,33.05718413740987
James Rawlings,785,0,6.317038322266927,32.14523735849431
Ben Roethlisberger,758,0,6.827589393875345,32.347502387256725
Mark Roman,573,0,6.350188591768704,32.15866024376447
Eric Salazar,933,0,6.786360892992473,32.33152314187231
Emily Schooley,1900,0,7.809592839921444,32.7097087437972
Thomas Tull,212,0,5.343650658782646,31.733165350982823
Vincent van Ommen,2361,0,7.516237707008313,32.60520494208713
Barbara Vincent,309,0,5.75438914464355,31.911277586088275
Jason Yee,552,0,6.153920951840726,32.07860333107157
John Zion,1549,0,6.976667678524275,32.4047623880538
Alex Ziwak,907,0,7.092420616215272,32.448661106922124
Tommy Bayiokos,2788,0,8.025336136145858,32.784553522461024
Mark Falvo,159,0,5.219040605668071,31.67790824403148
Diogo Hausen,1966,0,7.49352744301127,32.59698330368495
Gary Sievers,76,0,4.469279199607123,31.333431698518442
London May,5161,0,8.049242262924512,32.792742049460905
James Quinn,795,0,6.605646082927326,32.26074781417697
Daniel Newman,508814,0,12.284933429311524,33.91326676065029
Mark Strong,131662,0,11.803520665498237,33.81900128948601
Ciaran Hinds,1118,0,9.25852722192958,33.179654079501624
Dominic West,8142,0,8.19108599709445,32.84089712218808
James Purefoy,4250,0,8.364303571449403,32.898704274633815
Bryan Cranston,5372073,0,15.25070015150469,34.3068210402147
Polly Walker,75696,0,10.858700780090183,33.60932535436287
Daryl Sabara,756615,0,12.719948957920533,33.991148494966524
Arkie Reece,918,0,6.6978866382014814,32.297022407151346
Davood Ghadami,122876,0,11.10004634731086,33.66599349281376
Pippa Nixon,441,0,6.329365754774407,32.15023356230594
Philip Philmar,85,0,4.461372043029296,31.32968908597916
Emily Tierney,111341,0,12.058785860482844,33.870041666309206
Don Stark,4797,0,7.918818026686629,32.74781370129536
Josh Daugherty,3574,0,8.356363132811202,32.896078373333836
Christopher Goodman,943,0,6.530967413193297,32.23115140682122
Amanda Clayton,22895,0,9.842653325353774,33.34736676052163
Joseph Billingiere,1155,0,7.170159185656384,32.47786768309227
Bryce Dallas Howard,3321892,0,14.545551714257778,34.24243286129879
James Cromwell,288,0,5.604805161573244,31.847127328781582
J.K. Simmons,3421,0,7.526103564765241,32.60877072568244
Theresa Russell,1351,0,7.230272472503103,32.500300682538324
Dylan Baker,14157,0,9.160857407636954,33.15039224283326
Bill Nunn,240,0,5.8878549875563495,31.967823821886668
Elizabeth Banks,3937666,0,14.538488687462117,34.24169582939444
Ted Raimi,74944,0,11.6448452210958,33.786071559336555
Perla Haney-Jardine,13163,0,8.77769081684696,33.032222607655996
Willem Dafoe,139511,0,11.997239473919937,33.85795372300268
Cliff Robertson,146,0,5.029861998995112,31.592932041382294
Elya Baskin,22,0,3.1155473087044263,30.659328653569204
Mageina Tovah,20394,0,10.32383224259112,33.47613678796062
Joe Manganiello,2847076,0,15.09282070895882,34.29398668792245
Stan Lee,12288917,0,15.792617861769449,34.34393167100473
Bruce Campbell,177749,0,11.723158881590072,33.80243912232361
Christopher Young,3186,0,8.149950284165868,32.827007646034644
Grant Curtis,279,0,5.520738630486955,31.810715131692767
Daniel Gillies,4663261,0,16.076063969643897,34.35905902169148
John Paxton,366,0,6.170260748811832,32.085322104840294
Becky Ann Baker,260,0,5.72016185269026,31.896671231568455
Steve Valentine,13127,0,9.785897411208795,33.33161914314014
Lucy Gordon,675,0,6.21047399524312,32.10181578498711
Toni Wynne,1255,0,6.864648952582607,32.36181272635832
Andre B. Blake,55412,0,10.470614586929653,33.5137302232626
Tim Maculan,557,0,6.5496242262668325,32.238564549623135
Marc Vann,205,0,5.502194371845193,31.802648118092357
Joe Bays,33,0,3.637598599106121,30.92723779845886
Gregg Daniel,2534,0,7.824123906468968,32.71480333129849
Michael Alexander,229,0,5.499298321961345,31.801387158832217
April Parker-Jones,43116,0,10.11789923835171,33.42206405308589
Robert Curtis Brown,1051,0,6.878665364223237,32.36721197772552
Christina Cindrich,155737,0,11.961465124377954,33.85086376433338
Sonya Maddox,466,0,6.524042898695939,32.22839676058861
Jessi Collins,15519,0,9.451977326839751,33.23658059550295
Michael McLaughlin,1712,0,7.667487889237137,32.659479277402994
Emilio Rivera,721874,0,13.979069090871851,34.17751815086694
Keith Woulard,2217,0,8.154450506174594,32.828530164695444
Reynaldo Gallegos,4842,0,8.511627804897698,32.947005583505586
Dean Edwards,194312,0,11.487275432120342,33.75245898253158
Margaret Laney,668,0,6.716930347057701,32.304472751426445
Aimee Miles,367,0,5.941446129083895,31.990345556173907
Tanya Bond,3715,0,8.029095120506948,32.78584246782244
Mark Kubr,2497,0,8.226910978030073,32.852942951976175
Tony Besson,14339,0,9.945964176033874,33.37572885696334
Frank Anello,36,0,3.719685752530337,30.968455802035418
Joseph O'Brien,120534,0,11.841458628796616,33.826737949140174
Joe Lipari,980,0,6.796912510867382,32.33561863924728
Silvia Lombardo,1751,0,7.498837651098995,32.5989074128884
Joe Lipari,980,0,6.796912510867382,32.33561863924728
Silvia Lombardo,1751,0,7.498837651098995,32.5989074128884
David Dale McCue,128,0,4.813890303373994,31.494318812410537
Olan Montgomery,1216,0,7.201230278741969,32.489479274511766
Alex Moore,14419,0,9.489989084216996,33.24760522717163
Shane Nolan,42903,0,11.324462155499996,33.716772877004786
Jackson Nunn,21609,0,9.62291449552152,33.285741876640124
Joseph O'Brien,120532,0,11.841458628796616,33.826737949140174
Kyle David Pierce,36094,0,10.853400827946986,33.60805698878907
Troy Polamalu,573990,0,13.61496465074157,34.12959115320261
Michael Power,7784,0,8.857195702607594,33.05718413740987
James Rawlings,785,0,6.317038322266927,32.14523735849431
Ben Roethlisberger,758,0,6.827589393875345,32.347502387256725
Mark Roman,836,0,6.350188591768704,32.15866024376447
Eric Salazar,933,0,6.786360892992473,32.33152314187231
Emily Schooley,1900,0,7.809592839921444,32.7097087437972
Thomas Tull,212,0,5.343650658782646,31.733165350982823
Ciaran Hinds,420,0,9.25852722192958,33.179654079501624
Dominic West,8141,0,8.19108599709445,32.84089712218808
Taylor Kitsch,404839,0,13.653644064269988,34.13491296477375
Lynn Collins,144925,0,11.388993378205347,33.731033218827
Samantha Morton,203065,0,11.447604279174303,33.74385312894739
Willem Dafoe,139515,0,11.997239473919937,33.85795372300268
Thomas Haden Church,481,0,6.393891782714719,32.17629462357552
Tobey Maguire,499785,0,12.842661491899328,34.01186496907136
Kirsten Dunst,2304495,0,15.448994387293192,34.3216477512138
James Franco,364210,0,12.457200926153783,33.94493684422412
Topher Grace,571941,0,13.494792807715369,34.11270749537132
Vanessa Reseland,273,0,5.622094492142085,31.85458386869367
La Rivers,6825197,0,16.127563026650876,34.361491693956715
Bria Roberts,401,0,5.793068573185527,31.92773224290757
Luis Rosa,357470,0,12.984166235434277,34.035069465334175
Vanessa Ross,569,0,6.549228078040556,32.238407275576904
Brenna Roth,3552,0,7.8192540098000975,32.713096808383966
Shade Rupe,186,0,5.1713801955305065,31.65662338443711
Eric Shackelford,132,0,5.0143542813451765,31.58590809270757
Daniel Shafer,14783,0,10.066358568024665,33.40828783823353
Jennifer Sparks,2009,0,7.245858991566375,32.506095638188754
Jimmy Star,2445,0,7.8180242187733295,32.71266572421189
Arne Starr,181,0,5.430267663381451,31.771239851747758
Liam Stone,8737,0,8.6850958150147,33.0028595268041
Tajna Tanovic,525,0,6.255950111811627,32.12039671663442
Sincerely A. Ward,67041,0,11.07673493310919,33.66061300747039
Jennifer Weston,1011,0,7.106955016237663,32.45413853598145
Zachary Levi,1623027,0,13.972092748807045,34.17664546980797
Mandy Moore,5558448,0,16.395252907533266,34.37257231444343
Donna Murphy,37700,0,10.624936929086234,33.552404056535025
Ron Perlman,1013315,0,14.264222083682135,34.211663277398095
Brad Garrett,91099,0,11.540318540043144,33.76387557485458
Paul F. Tompkins,223302,0,11.872394985397827,33.83300776722666
Richard Kiel,290,0,5.887054283942335,31.96748652799349
Delaney Rose Stein,3933,0,8.211993238006023,32.84793270523487
Nathan Greno,55381,0,10.974876081963004,33.63686964097535
Tim Mertens,78,0,4.509263510025883,31.35232199991855
Robert Downey Jr.,57288924,0,17.986933932326675,34.38427446879411
Chris Hemsworth,57646819,0,18.02070547272077,34.38351775772929
Mark Ruffalo,20536206,0,16.293187078340836,34.3686569419549
Chris Evans,3905530,0,15.218326139969472,34.304263676288116
Scarlett Johansson,4060201,0,14.970928544035138,34.283453477237515
Jeremy Renner,21197707,0,16.387749809399995,34.37229747603852
James Spader,73293,0,10.931083231834927,33.62654472039863
Samuel L. Jackson,8235263,0,16.20564566708785,34.36499485862059
Don Cheadle,926150,0,12.669729155214704,33.98251133043446
Aaron Taylor-Johnson,903896,0,12.36160610310325,33.92749664395736
Cobie Smulders,2169576,0,14.759892607915727,34.263930662576705
Anthony Mackie,2942083,0,15.18701297547946,34.30175360254032
Hayley Atwell,1952994,0,15.491153401090012,34.32461444052268
Idris Elba,6399057,0,15.570835477734311,34.33004384724378
Linda Cardellini,695454,0,12.495213763997056,33.951778875982946
Claudia Kim,357961,0,13.029777664232409,34.042392751797735
Thomas Kretschmann,33192,0,10.594609151822382,33.544872633949
Andy Serkis,332414,0,11.574700731905176,33.77122070288564
Julie Delpy,116451,0,11.323198042844924,33.716492006112205
Henry Goodman,630,0,6.2074771596711225,32.10058865861827
Chris Luca,13040,0,9.745230479074737,33.32026307474945
Brian Schaeffer,445,0,6.010088748683264,32.019039077586314
Dominique Provost-Chalkley,286173,0,12.625341569411036,33.9748003500667
Isaac Andrews,10739,0,9.44249889157129,33.23382330351059
Bentley Kalu,9856,0,9.163142023024914,33.151080702334134
Julian Bleach,35,0,3.489415133149783,30.85220647847355
Christopher Beasley,6113,0,8.265309829090912,32.86580204269197
Vuyo Dabula,475443,0,13.373010199182756,34.09505806983207
Nondumiso Tembe,10430,0,9.326977017039598,33.19995343233384
Mandla Gaduka,30704,0,9.948052552025356,33.37629815239238
Antony Acheampong,153,0,4.4417200490074045,31.320377495668435
Ben Sakamoto,92,0,4.2375464245431465,31.222798427658915
Ingvild Deila,4137,0,8.537364136574917,32.955361881874495
Earl T. Kim,1723,0,6.981942359921359,32.40677345319827
Arthur Lee,1804,0,7.486239485083321,32.59434089252367
Alma Noce,63450,0,10.52541156003695,33.52756242338446
Constanza Ruff,1086,0,7.000359382460298,32.413787278920495
Tony Christensen,1390,0,7.010390640825274,32.417602297129854
Ian Kay,2715,0,8.273567012177926,32.86856017299117
Aaron Himelstein,960,0,7.115300674237244,32.457280181919295
Kerry Condon,42150,0,9.94685875705,33.37597274107108
Josh Brolin,3354464,0,14.960836313811566,34.28255697889388
Daniel Westwood,917,0,6.67019470189541,32.286164979777325
Daniel Radcliffe,3392012,0,14.923777635957611,34.27923304567495
Rupert Grint,5043900,0,14.214577146973232,34.205932688287476
Emma Watson,75037605,0,17.91985502203676,34.38565363764407
Tom Felton,12094854,0,15.872393777322957,34.348486732802314
Michael Gambon,3634,0,8.416862276199543,32.91602721156908
Jim Broadbent,153902,0,11.854262434148431,33.82933712480549
Helena Bonham Carter,106995,0,10.833651972989903,33.603321706804564
Robbie Coltrane,22483,0,9.15175074760395,33.14764608887655
Maggie Smith,101312,0,11.703577816411944,33.79836773281035
Alan Rickman,109237,0,11.585639971081203,33.77354859496972
Timothy Spall,43,0,3.623557192114895,30.92016254657726
David Thewlis,347382,0,11.820740143741006,33.82251937603165
Julie Walters,13872,0,9.37669164601945,33.214589166153644
Matthew Lewis,2516821,0,15.131547194877196,34.297219325638046
Evanna Lynch,4043842,0,14.985696170834974,34.28475857235691
Bonnie Wright,3984624,0,15.416216373221252,34.319296224061134
Oliver Phelps,2493327,0,14.544545096704995,34.24232793165096
James Phelps,2662362,0,15.191699453517543,34.302131556763655
Mark Williams,88458,0,11.179470313010013,33.68417587563587
Warwick Davis,128277,0,10.49725568997475,33.52046887268501
Natalia Tena,152335,0,11.973063202448158,33.85316746920335
Katie Leung,367578,0,12.115510185755726,33.88105971310572
Geraldine Somerville,1495,0,7.316969282999148,32.532421063263
Helen McCrory,13310,0,9.344082256810418,33.20499933995374
Freddie Stroma,32560,0,10.819952571893069,33.600028543580464
David Bradley,1062,0,6.612889252166834,32.26360753993139
Frank Dillane,10657,0,9.679979273573752,33.30191542018612
Hero Fiennes-Tiffin,7611497,0,16.210808878887594,34.365218636173196
Gemma Jones,22916,0,9.858858167598571,33.351841344815476
Afshan Azad,176704,0,11.518430183755893,33.75917697740726
Shefali Chowdhury,810,0,6.507291342258217,32.22172555036672
Georgina Leonidas,5745,0,8.898904474565892,33.07018655626222
Devon Murray,173353,0,12.865074228169764,34.01558916382439
Anna Shaffer,160786,0,12.880582275943793,34.01815527988639
Josh Herdman,136615,0,12.00866110679733,33.86020745640565
Jamie Waylett,1029,0,6.744853282326221,32.31537284672243
Scarlett Byrne,12026,0,9.554154786473454,33.26609531092107
Louis Cordice,40553,0,10.338088716006366,33.47982270168882
Alfie Enoch,371375,0,12.42304844747848,33.938744526349325
Robert Knox,24659,0,10.158903623448024,33.432954568377724
William Melling,1033,0,6.984661697770196,32.40780985063956
Paul Ritter,6305,0,8.602161288390661,32.97629339000101
Suzanne Toase,410,0,6.3041205797473365,32.13999593659769
Rod Hunt,4152,0,8.601026130746865,32.975928021608375
Elarica Gallacher,430350,0,13.275260184448513,34.08049870603109
Ben Affleck,24752,0,9.770981721010074,33.32746103195816
Henry Cavill,26776321,0,16.342277391410402,34.37058771917394
Gal Gadot,109557155,0,19.86471992036954,34.278804775872665
Amy Adams,940520,0,13.996020073094185,34.17963114899035
Jesse Eisenberg,12612,0,8.625661581683165,32.983846730811344
Diane Lane,516,0,6.451603380962366,32.19947428789855
Jeremy Irons,18417,0,9.80264292404592,33.3362776552483
Laurence Fishburne,17661,0,9.903990394610522,33.36425286117259
Holly Hunter,562,0,5.905314113318173,31.97517258739668
Scoot McNairy,1119,0,6.340099298326419,32.154579244732
Callan Mulvey,2035,0,7.68812370371884,32.66681925612593
Tao Okamoto,151608,0,12.18664751643352,33.89471079512591
Jena Malone,367865,0,12.56476066343221,33.96415985507435
Brandon Spink,23709,0,10.497300944677288,33.52048029738209
Lauren Cohan,4666256,0,14.439845734013758,34.23121146594308
Hugh Maguire,340,0,5.662055960973016,31.871776559421694
Michael Cassidy,2055,0,7.816426963449389,32.71210574845911
Alan D. Purwin, ,0,9.25852722192958,33.179654079501624
Dan Amboyer,97353,0,11.220628747602904,33.69350733813498
Rebecca Buller,5576,0,8.978310333498547,33.09476470691516
Harry Lennix,191575,0,12.305966000631331,33.91719167597
Christina Wren,16537,0,9.721233732785317,33.31353367617914
Jade Chynoweth,2014144,0,12.996788263805104,34.0371036581533
Kevin Costner,1158725,0,13.5945633077627,34.12676211216803
Ezra Miller,37967,0,10.633853285614236,33.55461188604515
Patrick Wilson,528586,0,14.156290702245128,34.19908942233624
Michael Shannon,11116,0,8.635135682618396,32.98688612708149
Charlie Rose,127569,0,11.366544443500043,33.726089668094616
Vikram Gandhi,5316,0,8.567647520204485,32.96516349806951
Andrew Sullivan,2862,0,7.341442150940256,32.54143822893616
Neil deGrasse Tyson,2006574,0,14.69327000471064,34.257428775235745
Jon Stewart,481778,0,12.701096915269824,33.987917010845116
Soledad O'Brien,533656,0,12.690025793656131,33.98601321216151
Dana Bash,133575,0,12.09686348019741,33.87745080444563
Nancy Grace,176708,0,11.144008139129612,33.67608612707027
Anderson Cooper,4113587,0,14.92805552196927,34.2796193128599
Brooke Baldwin,213068,0,11.886280955054598,33.835810617823384
Carla Gugino,830682,0,14.524361618928245,34.240216179093935
Jason Momoa,17124575,0,17.00431646206232,34.38800712161792
Joe Morton,92901,0,11.684494060564854,33.79438623730284
Ray Fisher,268091,0,12.175289512927806,33.892543652348564
Joseph Cranford,57,0,4.1001533079139785,31.15627605762808
Emily Peterson,2955,0,7.542135147184742,32.614557365211866
Jeffrey Dean Morgan,5446934,0,15.95521686935388,34.352969229493695
Sammi Rotibi,57472,0,11.36331284183764,33.72537650752738
Tiffany L. Addison,1133,0,7.35277244868625,32.545605513943826
Owais Ahmed,2483,0,8.12532191140454,32.81866222153125
Tiffany Bedwell,798,0,6.653421275349794,32.27957481625968
Jeff Dumas,689,0,6.60709696256296,32.26132079986201
Miriam Lee,2289,0,7.79516944419901,32.70464425982279
Stephanie Koenig,30978,0,11.107046643670865,33.66760533976033
Ripley Sobo,10605,0,8.809928375367804,33.04237188029541
Richard Burden,478,0,6.262390794122148,32.123022171259514
Wunmi Mosaku,107686,0,12.527883971618392,33.957616996065674
Kiff VandenHeuvel,4544,0,8.63217650152504,32.98593714204481
Mason Heidger,1173,0,6.892556874752135,32.372556018312565
Sebastian Sozzi,2001,0,7.833965881269385,32.71824953295264
Ralph Lister,7287,0,8.907948767087866,33.07299764754106
Jay Towers,48716,0,9.722166778506596,33.31379572382065
Michael Ellison,3850,0,8.450063075428902,32.92691780647106
Rashontae Wawrzyniak,273,0,5.522686477623372,31.811561741847413
Tom Luginbill,4014,0,8.447624112030423,32.92611914624416
Dave Pasch,170,0,4.776284403443525,31.47697327659491
Danny Mooney ,32726,0,9.923999773242656,33.36973164506145
Nicole Forester,2291,0,7.912066214950948,32.74547089050601
Debbie Stabenow,6303,0,8.504054992764097,32.944542158214006
Milica Govich ,12787,0,9.135157744632467,33.14263458763227
Jonathan West,1102,0,6.840505497802679,32.35249557694081
Chris Newman,2392,0,7.825715566102697,32.715360896862016
Lulu Dahl,95,0,4.628829714047089,31.40846093800213
Sam Logan Khaleghi,902,0,6.919226765945789,32.38279607526393
Connie Craig,6418,0,8.678435107438718,33.00073522601234
Albert Valladares,15154,0,9.811634532251157,33.33877483574898
David Paris,1346,0,7.146104678743575,32.46885398627448
Abigail Kuklis,1241,0,7.355651982146909,32.546663857608685
Steve Jasgur,922,0,6.843113901819913,32.35350320900271
Jonathan Stanley,4491,0,8.510246867901229,32.94655652315901
Jesse Nagy,302,0,5.773178962620747,31.919277824648887
Robin Atkin Downes,8625,0,9.581798133578964,33.274014594613405
Issac Ryan Brown,524644,0,13.096102053110137,34.052905752528694
Bailey Chase,219972,0,11.90179593446174,33.83893392893648
C.T. Fletcher,2616767,0,14.095179681433317,34.19178094537283
Jalene Mack,12614,0,9.783511063757306,33.33095443818433
Nene Nwoko,11026,0,9.4675137349646,33.241093046247464
Alma Martinez,287,0,5.969234828158803,32.001982384029745
Ele Bardha,2559,0,7.592304256262412,32.632605224670165
Inder Kumar,5005,0,8.242100229426338,32.85803601575169
Brandon Bautista,9908,0,9.250250512643216,33.17718792652472
Laura Atwood,1339,0,7.074811682184533,32.44201464749254
David Leach,1330,0,7.048796560674307,32.432174510704144
Gordon Michaels,1238,0,7.570982852957927,32.62494631356583
Brian Boland,17873,0,9.54439249299286,33.263291917414264
Nicole Santini,822,0,6.843984380471814,32.35383942132936
Dante Briggins,3,0,1.1142223350914775,29.539820398818364
Joe Cipriano,2233,0,7.267711284016856,32.514205185066224
Will Blagrove,29788,0,11.06013596839488,33.656769687668955
Brandon Routh,1136232,0,13.609319137385944,34.12880981865401
Kevin Spacey,602389,0,13.522010172472555,34.116577743906035
Kate Bosworth,1001618,0,13.324374630244357,34.087857783623775
James Marsden,1691069,0,14.43558404464233,34.23075047914664
Parker Posey,128533,0,12.09343920234585,33.87678668140077
Frank Langella,637,0,6.884223225969471,32.369350925709895
Sam Huntington,38332,0,10.667251279043318,33.56285587906788
Eva Marie Saint,598,0,6.347505059964891,32.15757515095756
Kal Penn,396586,0,12.073259944919934,33.87286428646609
Tristan Lake Leabu,16048,0,9.410581858766673,33.224514398626326
David Fabrizio,125,0,5.321945232258291,31.72358118490977
Ian Roberts,20455,0,9.784582382625766,33.3312528744036
Vincent Stone,1103,0,6.886891147288394,32.37037727579408
Keegan Joyce,53147,0,11.293736184202809,33.7099293560627
Jordana Beatty,6409,0,8.09792766749827,32.80935347916623
Olga Kurylenko,819071,0,12.93264705938007,34.02670602689643
Giancarlo Giannini,1771,0,7.380917807345972,32.55593703931675
Gemma Arterton,70633,0,10.97821422441861,33.63765378529569
David Harbour,9512805,0,14.358369380677717,34.22228299259555
Anatole Taubman,694,0,6.412166723206276,32.18364788501986
Joaquin Cosio,290439,0,9.25852722192958,33.179654079501624
Glenn Foster,4604,0,8.097205068051748,32.809107563203256
Stana Katic,607332,0,13.533334337187508,34.118180024306554
Lucrezia Lante della Rovere,71576,0,11.44662440525548,33.74363983587417
Neil Jackson,28903,0,9.884277246305867,33.35884085212864
Oona Chaplin,108872,0,10.971642018992616,33.63610955624718
Rachel McDowall,274,0,5.433419830122765,31.772620278715042
Aaron King,886,0,6.525234118989887,32.228870765851454
Brandon Jovanovich,2282,0,7.911011721476313,32.745104841166025
Jess Ochoa,48813,0,9.25852722192958,33.179654079501624
Simon Kassianides,30506,0,10.348347276476074,33.482470378090866
Alex Norton,998,0,6.906469195166567,32.37790098259057
Matt O'Leary,7343,0,8.637468232855955,32.98763393077665
Leon Rippy,89,0,4.540808808906619,31.36718404002561
Harry Treadaway,2122,0,7.366008382220366,32.550467739060686
Damon Herriman,11780,0,9.84423264213808,33.34780327442027
Rance Howard,593982,0,13.047492088084352,34.0452164092521
Leonard Earl Howze,1762,0,7.42470555401808,32.57195286553871
Travis Hammer,160,0,5.256476447288806,31.69456854831893
Steve Corona,1036,0,6.9002735742147445,32.375521566778275
Jack Axelrod,120,0,4.941788518407438,31.55292369449833
Christopher Hagen,176,0,5.094557823506814,31.622139882854153
Freda Foh Shen,43,0,3.617708342671042,30.917213270241128
Margaret Bowman,361,0,5.523942917824906,31.812107765938016
Ciaran Hinds,419,0,9.25852722192958,33.179654079501624
Michael Papajohn,2819,0,8.26838108021552,32.86682821814044
Timothy Patrick Quill,3905,0,8.328716427304624,32.886917601267044
Edward Padilla,2874,0,8.287715307244332,32.873280295970645
Ramon Adams,465,0,6.092633523832226,32.053315404286685
Giovanni Ribisi,4021,0,8.459925083566006,32.93014498763729
David Van Horn,166,0,5.132188591413312,31.639058325771618
Carvon Futrell,3697,0,8.300845454538978,32.877654189349414
Anthony Ingruber,8861,0,9.300323562984868,33.19206952556312
Stellan SkarsgÃÂÃÂ¢ÃÂÃÂÃÂÃÂ¡ÃÂÃÂ¢ÃÂÃ¢ÂÂ¬ÃÂÃÂ¢rd,11058,0,9.25852722192958,33.179654079501624
Mackenzie Crook,24,0,3.126947440923329,30.66528561600444
David Bailie,589,0,6.351120411183124,32.15903696560173
Lea Seydoux,100548,0,9.25852722192958,33.179654079501624
Ben Whishaw,28115,0,10.20345261252618,33.444716731220865
Mathieu Amalric,863,0,6.730436381593555,32.30974857945879
Sujeilee Candele,609,0,6.263438762872137,32.12344921747567
Crystal Marie Denha,138473,0,11.35111889887781,33.722682064065125
Natalie Fabry,2118,0,7.717632006002293,32.67728801135085
Logan Fry,273,0,5.714660936494334,31.894319737389374
Kevin Fung,230,0,5.5448723596052165,31.82119478675642
Claude Jay,743,0,6.576681086401047,32.24929274261824
Andrew James Jones,1061,0,7.022540748497948,32.42221820720342
Natalie Jones,8155,0,8.762451418105657,33.02741157834616
Christopher Jude,1055,0,7.576518020956604,32.62693621394326
Brittany Krall,88,0,4.6344343208065055,31.411079579304655
Linda Lee,724,0,6.469014840431681,32.20644359357634
Sandrine Marlier,1343,0,6.981506440973882,32.40660729004239
Martha Millan,3829,0,7.471614663116133,32.58903247101845
Robert Myers,106894,0,11.25982553990196,33.702336391822605
Jen Oda,3064,0,7.812338084209237,32.710671817963245
Anjelia Pelay,7200,0,9.257893368984607,33.179465303480534
Trenton Willey,476,0,6.524821462566643,32.22870656926195
M.C. Gainey,398220,0,13.338366308833756,34.0899380656738
Jeffrey Tambor,955,0,6.345419679180176,32.15673173994017
Elizabeth Olsen,364398,0,12.949541758021487,34.02945936138952
Paul Bettany,2242726,0,14.30861946519568,34.21671169308289
Imogen Poynton,4778,0,8.712951906761054,33.01172607245256
Dave Legeno,12095112,0,16.784805627607913,34.38400984644892
Jessie Cave,208724,0,11.784312534083112,33.81506409385741
Ralph Ineson,8879,0,9.481665222857115,33.2451955640192
Dennis North,8017,0,8.89994934307867,33.0705114688807
Kent Shocknek,1204,0,7.3609089735566675,32.548595229014644
Ahman Green,21017,0,10.257534277425895,33.45889812655477
Sal Lopez,4660,0,8.731023399423409,33.01746300189541
Marlon Brando,189357,0,11.891395225928893,33.83684114243905
Jack Larson,770,0,6.8880149508884765,32.37080952534277
Noel Neill,472,0,6.646114549469501,32.276700832848235
Jeffrey Wright,140330,0,12.33746705541567,33.9230398312026
JoaquÃÂÃÂ¢ÃÂÃÂÃÂÃÂ¡ÃÂÃÂ¢ÃÂÃ¢ÂÂ°ÃÂÃÂ n Cosio,290294,0,9.25852722192958,33.179654079501624
Sarah Hadland,36201,0,10.251621678712786,33.457352928068055
Jess Ochoa,48808,0,9.25852722192958,33.179654079501624
Clive Ashborn,4496,0,8.730309141296235,33.01723648232757
Christopher Adamson,158,0,5.176020723941456,31.65869947212839
Max Baker,9063,0,8.873996193396595,33.062429234663
Steve Speirs,1389,0,7.50820491651057,32.60229904553296
Jonathan Kite,107307,0,10.49309243028171,33.51941752343525
Armie Hammer,1170139,0,13.329368119551583,34.08860103797927
William Fichtner,25599,0,10.241510434744542,33.454707489388035
James Badge Dale,36125,0,9.849724317044704,33.34932043023326
Tom Wilkinson,4734,0,8.641404001667604,32.98889526648876
Ruth Wilson,7653,0,8.02012631195084,32.7827662326657
Barry Pepper,1317,0,7.46737162312707,32.5874908946354
James Frain,5444,0,8.574021446274292,32.96722222554941
Mason Cook,75979,0,11.284705192573998,33.707911331832605
W. Earl Brown,6997,0,8.29892227668301,32.87701393805307
Gil Birmingham,72909,0,9.539352973870962,33.261843375913124
Stephen Brodie,301,0,5.683499724545648,31.88097823903588
Matthew Page,1946,0,7.790896995173823,32.70314261328343
Bryant Prince,4233,0,7.863337120809075,32.728512888365856
JD Cullum,314,0,5.901545635451294,31.973587332253985
Timothy V. Murphy,41538,0,10.10986364649442,33.41992263420158
Damon Carney,234,0,5.1502180882725375,31.647145847111037
Kevin Wiggins,961,0,6.622556422333009,32.267421309352315
Robert Baker,63866,0,10.8705731928455,33.61216288508747
Lew Temple,2837,0,8.372644820067544,32.90146023729867
Stephen Root,550,0,6.604897780412257,32.26045226220163
Randy Oglesby,445,0,5.995822151022483,32.0130896540303
Brad Greenquist,1388,0,7.403530406202041,32.5642166001487
Chad Randall,2192,0,7.423354573247998,32.57145977981776
Beth Bailey,296,0,5.4447213131736,31.777566541544
Joanne Camp,5801,0,8.207680911563534,32.84648285640713
Tait Fletcher,109249,0,11.068336192352737,33.658669626209495
Alex Knight,4002,0,8.178415098532165,32.83662539570801
Pokey Lafarge,44683,0,9.679249150977896,33.30170923874767
Joey Glynn,1566,0,7.19992920923272,32.48899376039448
Adam Hoskins,6388,0,8.573679266781145,32.967111742078416
Ryan Koenig,618,0,5.975180308771068,32.004468448419445
Russell Crowe,1184757,0,14.351715059446024,34.22154305127558
Antje Traue,140113,0,11.905663782437108,33.83971119052099
Christopher Meloni,1059472,0,13.39906073015283,34.09887911824174
Jadin Gould,850,0,6.4842345085792985,32.21252649591483
Tahmoh Penikett,23338,0,10.164593030366731,33.434460776540284
Ayelet Zurer,74301,0,10.492176321360938,33.519186092976
Richard Schiff,154987,0,10.59715393813029,33.54550588568722
Dylan Sprayberry,3504315,0,14.09441996621794,34.19168922786638
Michael Kelly,111493,0,11.377863864200425,33.728584659876766
Richard Cetrone,19066,0,9.7787023910364,33.3296143734039
Mackenzie Gray,1703,0,7.763915701051967,32.693644003206245
Julian Richings,105227,0,12.066795383592758,33.871604567385724
Mary Black,28504,0,10.291086167874276,33.467642335440715
Samantha Jo,292612,0,12.447312125751624,33.94314826041787
David Lewis,3153,0,8.382520101342273,32.90471975345669
Doug Abrahams,200,0,5.393392537908976,31.755064121721134
Brad Kelly,895,0,6.590238940489927,32.25465842461241
Alessandro Juliani,6359,0,8.64927413621139,32.99141578718036
Jack Foley,31679,0,10.63070083133336,33.55383162166148
Jacqueline Scislowski,84713,0,10.990696980697903,33.640582423931804
Sean Campbell,957,0,7.016519689277008,32.4199314407231
Ben Barnes,2210192,0,14.248049569915882,34.20980637075281
William Moseley,552062,0,12.280789260872387,33.912491501822394
Anna Popplewell,39823,0,11.510236219199047,33.757413532109965
Georgie Henley,382917,0,12.32722358923111,33.921142123374146
Sergio Castellitto,19641,0,9.770992982242843,33.32746417437337
Alicia Borrachero,23981,0,9.775491199400664,33.328719017799955
Peter Dinklage,4260469,0,15.154572115046824,34.29911526698438
Vincent Grass,702,0,6.766184253115465,32.323680444525614
Pierfrancesco Favino,893069,0,13.194535018111695,34.06821133428656
DamiÃÂÃÂ¢ÃÂÃÂÃÂÃÂ¡ÃÂÃ¢ÂÂÃÂÃÂ°n AlcÃÂÃÂ¢ÃÂÃÂÃÂÃÂ¡ÃÂÃ¢ÂÂÃÂÃÂ°zar,4878,0,9.25852722192958,33.179654079501624
Predrag Bjelac,9084,0,9.050523038097523,33.11691594099421
Shane Rangi,3605,0,8.313748801420044,32.88194638132197
Cornell John,771,0,6.936628623232623,32.38946357671091
Ken Stott,128,0,4.9419825767633245,31.55301215986045
Tilda Swinton,64591,0,10.627499076617696,33.55303878245059
Eddie Izzard,301613,0,12.654253218721756,33.979831053220764
KlÃÂÃÂ¢ÃÂÃÂÃÂÃÂ¡ÃÂÃ¢ÂÂÃÂÃÂ°ra IssovÃÂÃÂ¢ÃÂÃÂÃÂÃÂ¡ÃÂÃ¢ÂÂÃÂÃÂ°,34547,0,9.25852722192958,33.179654079501624
Tom Hiddleston,10803402,0,17.1459467847925,34.38964976957475
Clark Gregg,1160831,0,14.319224140229077,34.21790686946648
Gwyneth Paltrow,8396864,0,15.697094554299234,34.33817089036961
Jenny Agutter,15797,0,9.052150105682216,33.11741284411235
Walter Perez,2679,0,8.069533034335468,32.799675796178924
Powers Boothe,4501,0,8.39943950981133,32.91029601193385
Arthur Darbinyan,70,0,4.2972691757913095,31.2514991881627
Donald Li,689,0,6.524680118345569,32.228650326757716
Ashley Johnson,1219861,0,13.78269985751084,34.15227313695513
Harry Dean Stanton,492,0,6.400179698126582,32.17882606296834
Alicia Sixtos,33857,0,10.40347234309662,33.49663185860105
Jamie McShane,289,0,5.100370075067251,31.62475640288196
Jeff Wolfe,2998,0,7.861215117610016,32.7277724436234
Jerzy Skolimowski,1625,0,5.867679743044049,31.95931790687868
Maximiliano HernÃÂÃÂ¢ÃÂÃÂÃÂÃÂ¡ÃÂÃ¢ÂÂÃÂÃÂ°ndez,2033,0,9.25852722192958,33.179654079501624
Alexis Denisof,78651,0,11.804133605139924,33.8191267046463
James Eckhouse,7386,0,9.058081222411795,33.11922337432993
Enver Gjokaj,57162,0,11.166486610143174,33.68121933360147
Damion Poitier,12508,0,8.809410316036619,33.04220908177646
Rashmi Rustagi,4071,0,8.660227955858424,32.99492012615697
Warren Kole,39388,0,10.793251199754504,33.59359012061766
Jesse Garcia,36183,0,10.762993895775642,33.586262713959954
Kenneth Tigar,7256,0,9.238271746560402,33.17361425548587
Josh Cowdery,3538,0,8.464575771219046,32.93166561356687
Robert Clohessy,2771,0,7.265956242156239,32.51355452184135
Fernanda Toker,83,0,4.230775665574667,31.21953638444146
Andrea Vecchio,4487,0,8.314141993352699,32.88207707766105
Robin Swoboda,3485,0,8.134923295899403,32.82191833128682
Brent McGee,263,0,5.9002879897287634,31.973058172860487
Michael Zhang,1421,0,7.119940055466615,32.45902553124698
Kelley Robins,1588,0,7.333927372582407,32.53867169974254
Romy Rosemont,18094,0,10.072151119290435,33.40984097064138
Pat Kiernan,13700,0,9.698906615614185,33.307253555474375
Thomas Roberts,50311,0,10.21532942128671,33.4478402672973
Jillian Morgese,714,0,6.612423515262455,32.2634237169116
Catherine Anderson,1834,0,7.351534852642299,32.545150554635306
Ricardo Andres,837,0,7.447700972953712,32.58033556469813
Logan Bennett,923,0,7.084492855348401,32.44567019345608
Mayank Bhatter,236,0,5.397149746538937,31.756714545858326
Layla Cushman,5779,0,8.617752136125851,32.98130677602738
Robert Dean,15648,0,9.861873655056655,33.35267293931718
Jeffrey Feingold,68,0,4.284477759175651,31.245363051004503
Lou Ferrigno,323012,0,13.1535024044868,34.061874193799135
Eric Frank,1389,0,7.058120513433762,32.435704115352046
Israel Hall,242,0,5.798759343640851,31.930148536827474
Annette Lawless,5453,0,8.785454477280545,33.03467030076276
Michael McMillan,22803,0,10.135447915529262,33.42673241090417
Sean Meehan,447,0,6.293169862416884,32.135547857166294
Jeremy Orr,424,0,5.992169087771702,32.011565063569286
Jaime Powers,532,0,6.113547674507792,32.06196029213261
Gina Sarno,754,0,6.377559332764084,32.169712611117745
Colin Strause,30,0,3.2870912768733604,30.748463342924705
George Thomas,10254,0,9.237563302358826,33.17340273806538
Shane Thompson,1871,0,7.8253700000586175,32.7152398513985
Tai Urban,9883,0,8.909401628847217,33.07344893786762
Sandra Weston,996,0,6.541260741455978,32.23524295863611
Tina Grimm,375,0,5.960487675606804,31.99832246565503
Penelope Cruz,6807188,0,9.25852722192958,33.179654079501624
Ian McShane,2427,0,8.107497639032257,32.81260854071996
Sam Claflin,4050553,0,14.45630115782169,34.2329852072135
Astrid Bergas-Frisbey,174276,0,9.25852722192958,33.179654079501624
Stephen Graham,312408,0,12.676273522850764,33.98364211101734
Oscar Jaenada,288671,0,9.25852722192958,33.179654079501624
Richard Griffiths,5715,0,9.006278147053157,33.1033664836288
Gemma Ward,183669,0,12.685830351340794,33.985290588008475
Ian Mercer,966,0,7.3373209752406146,32.53992129414613
Robbie Kay,449586,0,12.78655514099105,34.00246144668651
Christopher Fairbank,1874,0,7.764487141482113,32.6938454518357
Yuki Matsuzaki,3438,0,8.044954497739113,32.79127490822836
Steve Evets,46387,0,10.636332125297038,33.55522516842571
Bronson Webb,4450,0,8.903371077959665,33.071575212749124
Derek Mears,23107,0,10.898226933997414,33.61875217377827
Deobia Oparei,10251,0,9.275366339002458,33.184663770046065
Sebastian Armesto,434,0,6.269564643587843,32.12594470316511
Anton Lesser,86,0,4.188986826426278,31.199366039547172
Roger Allam,285,0,5.906672293142631,31.9757437944547
Paul Bazely,554,0,6.244396829786821,32.11568337575048
Richard Thomson,15858,0,9.446013160679758,33.23484599375039
Luke Roberts,22185,0,10.301241491761903,33.47028086406398
Emilia Jones,685404,0,12.338594608908084,33.92324848738877
Sanya Hughes,1003,0,6.633236829486437,32.271630829475
Will Smith,64484364,0,18.282067199286114,34.37624926782386
Tommy Lee Jones,2067,0,8.250401452404294,32.86081590466092
Michael Stuhlbarg,0,0,0.0,28.85298802593786
Emma Thompson,30247,0,9.568824972979598,33.27030151965968
Jemaine Clement,2386,0,7.573764274340056,32.62594637853963
Nicole Scherzinger,6005704,0,15.638583466623338,34.33447722239616
Bill Hader,240070,0,12.581260378376488,33.967071198548375
Michael Chernus,11446,0,9.438426690419416,33.23263768342277
David Rasche,894,0,7.004452988125191,32.415344575475
Keone Young,1636,0,7.998393036070727,32.7752996632405
Cayen Martin,5210,0,8.581820949108966,32.96973937912382
Mike Colter,352250,0,12.138527793678278,33.885497014492714
Will Arnett,514432,0,13.585083901109284,34.125442423195935
Kelvin Davis,27711,0,10.659663710736451,33.56098654177865
Dan Bittner,473,0,6.076204395609966,32.04651317324721
Martin Freeman,29178,0,9.956718609915209,33.37865883064476
Ian McKellen,2341347,0,14.883149374963846,34.275531157643975
Richard Armitage,205800,0,12.308526763892267,33.917668437196596
Graham McTavish,640746,0,14.416165387032638,34.22864154482771
William Kircher,687,0,6.478038261924517,32.210051042203176
James Nesbitt,5760,0,8.313574290455453,32.88188837235619
Evangeline Lilly,2510368,0,14.024957008170787,34.18321392685587
Lee Pace,457892,0,13.566211904845511,34.12280533593993
Christopher Lee,173510,0,12.09643149648942,33.877367046844434
Ian Holm,18195,0,10.11680145488391,33.42177164229339
Mikael Persbrandt,285617,0,13.71291275039898,34.14296132421326
Sylvester McCoy,7432,0,9.31030986182192,33.195026450715396
Luke Evans,3624389,0,13.488999465219798,34.11188019372483
Stephen Fry,744967,0,13.726489989201012,34.14478693057617
John Bell,257680,0,12.53378294818625,33.95866696944878
Ryan Gage,4072,0,8.127598794269595,32.81943468429879
Peggy Nesbitt,8427,0,9.148928567649667,33.14679443157586
Mary Nesbitt,644,0,6.353813714275599,32.16012565243256
Manu Bennett,388348,0,12.560851905717518,33.96346870170909
John Tui,20641,0,9.606863839633126,33.281171245670606
Benedict Cumberbatch,41739,0,10.283634541059586,33.465703872013265
Sarah Peirse,11,0,2.336638116249572,30.241051680272022
Nick Blake,236,0,5.405979468266516,31.76059113147341
Simon London,6862,0,8.863675924860356,33.05920848103481
Allan Smith,567,0,6.495937868155357,32.21719825322969
Miranda Harcourt,8274,0,8.895385826382768,33.069092102413975
Thomasin McKenzie,405091,0,12.530137729266682,33.95801829835463
Andrew Garfield,1045840,0,13.638493977144392,34.132835025410394
Emma Stone,28093,0,11.151729125704987,33.67785138548734
Rhys Ifans,4970,0,7.700550334315742,32.67123177799812
Denis Leary,93611,0,10.966088846975431,33.634803530198425
Campbell Scott,229924,0,12.20696631496815,33.898575902083444
Irrfan Khan,617926,0,13.356189506857564,34.0925776363959
Martin Sheen,318,0,5.769128239682104,31.917554220330697
Max Charles,22012,0,10.481793564598348,33.51656101891635
Chris Zylka,11304,0,9.38527758403048,33.21710765825629
Embeth Davidtz,40896,0,10.841459462575084,33.60519545462955
Leif Gantvoort,2436,0,7.969600535509031,32.76538123002561
Hannah Marks,88542,0,12.05352455053415,33.869013746735675
Kelsey Asbille,378398,0,10.705686255135358,33.57229265914404
C. Thomas Howell,109532,0,11.78759531653916,33.81573794084504
Michael Massee,4,0,1.3939705406999472,29.70512423697892
Kari Coleman,666,0,6.52322679534984,32.228071990258535
Skyler Gisondo,266704,0,13.168096602325797,34.06413520845664
Jacob Rodier,1727,0,7.444407810546254,32.57913627043288
Jake Keiffer,56,0,4.1773627093342105,31.193744024865158
Kevin McCorkle,1648,0,7.241854398804421,32.504607608553975
Barbara Eve Harris,4827,0,8.573653811797689,32.96710352296064
Danielle Burgio,4727,0,8.30310636729201,32.878406703859966
Michael Barra,1952,0,7.540616920145508,32.61400976079731
Andy Pessoa,85,0,4.627249590535047,31.40772244879698
Tom Waite,96641,0,11.485688371882093,33.752115808508705
Keith Campbell,858,0,6.567990150417429,32.24584966125182
Steve DeCastro,1932,0,8.10001228040399,32.81006281014476
James Chen,16436,0,9.72078305679891,33.31340709156568
Alexander Bedria,601,0,6.5038181117392,32.220341070396934
John Burke,3268,0,8.059189109868429,32.79614296201104
Jill Flint,56836,0,10.830166011256702,33.60248437740762
Mark Daugherty,1984,0,7.443270619859355,32.57872203941186
Vincent Laresca,62350,0,11.56695366759362,33.76956946168477
Damien Lemon,16266,0,9.478199150480314,33.24419142735059
Tia Texada,2566,0,7.963465738581673,32.763263993855475
Jay Caputo,178,0,5.183257360739486,31.661935437727333
Terry Bozeman,2691,0,7.557154598268286,32.619970135111245
Jennifer Lyons,20521,0,10.429322698202173,33.50323442173566
Amber Stevens,146630,0,11.518374034017034,33.759164901635536
Zoey Deutch,3299785,0,13.376286553891834,34.09554000615059
Max Bogner,328,0,5.992230365957536,32.01159064178992
Ethan Cohn,1075,0,6.787413210980646,32.33193177083189
Miles Elliot,2647,0,7.8785330653524035,32.73381049275219
Amanda MacDonald,4426,0,8.793686793166431,33.03726333864909
Maury Morgan,29484,0,10.37902848979998,33.49036602922846
Kristin Quick,1062,0,7.294549651261919,32.52414117653749
Max von Sydow,117,0,4.908887063260885,31.537904976184564
William Hurt,616,0,5.837971661672055,31.94676580139852
Oscar Isaac,108976,0,11.522706708615315,33.760096363526884
Danny Huston,16130,0,9.20933767914083,33.16496057205101
Eileen Atkins,779,0,6.756224240484046,32.31980347377477
Mark Addy,6904,0,7.895990181736616,32.73988594990554
Matthew Macfadyen,13772,0,9.781374210152295,33.33035905151679
Kevin Durand,78749,0,10.953946523293515,33.631943896868776
Scott Grimes,50732,0,11.51476578631456,33.758388656391816
Alan Doyle,60466,0,9.730930478327156,33.316255469553504
Douglas Hodge,453,0,6.266358094646503,32.12463863020899
Jonathan ZaccaÃÂÃÂ¢ÃÂÃÂÃÂÃÂ¡ÃÂÃÂÃÂÃÂ,297,0,9.25852722192958,33.179654079501624
Robert Pugh,651,0,6.784972044029399,32.33098377142305
Velibor Topic,299,0,5.523497677854668,31.81191428005514
Ciaran Flynn,1884,0,7.0495882576082245,32.43247433314463
Simon McBurney,134,0,4.727824287825918,31.45454492876182
Mark Lewis Jones,7651,0,9.67083190514295,33.29933085863303
Denis MÃÂÃÂ¢ÃÂÃÂÃÂÃÂ¡ÃÂÃ¢ÂÂÃÂÃÂ©nochet,242,0,9.25852722192958,33.179654079501624
Ruby Bentall,14881,0,9.408976222683462,33.22404511422295
Jessica Raine,11618,0,9.160519388616988,33.15029036595435
John Nicholas,1152,0,6.810209004816094,32.34077372543859
Roy Holder,413,0,5.875956840006047,31.96280934706801
Denise Gough,6769,0,8.0549770478098,32.794703263989234
Arthur Darvill,247469,0,12.32768398650642,33.921227499182116
Giannina Facio,2958,0,7.664415140942393,32.658384993961484
Jake Curran,651,0,6.472479225993456,32.20782896324978
Stephen Colbert,705400,0,12.595679514308149,33.96960726564879
Ben Mitchell,165708,0,11.630019944998152,33.78294779520406
Dakota Blue Richards,86101,0,11.48609077134068,33.75220282908225
Nicole Kidman,9854995,0,16.371386187050888,34.37169092659636
Sam Elliott,6080,0,8.835200441576655,33.05030161516501
Eva Green,1324393,0,13.381891580382495,34.09636356771975
Freddie Highmore,189938,0,11.905235626837328,33.839625177674954
Ben Walker,83617,0,11.331511138203814,33.718338004826144
Kristin Scott Thomas,95774,0,10.784379127546844,33.5914450458611
Kathy Bates,4164,0,8.418920581690537,32.91670355475672
Jim Carter,944,0,6.811318448174325,32.34120356698014
Tom Courtenay,1780,0,7.341647974264191,32.54151397270137
Jack Shepherd,392109,0,12.556105589058856,33.9626286976197
Magda Szubanski,256426,0,12.823161257854414,34.0086097645785
Derek Jacobi,33367,0,11.1426333461527,33.67577157756523
Clare Higgins,1235,0,7.439472540616471,32.5773382147665
Hattie Morahan,731,0,6.491085352274449,32.215261830323996
Jason Watkins,13381,0,9.603280842125365,33.28014965306601
Sam Hoare,1585,0,7.621921072800855,32.64321633053611
Brian Nickels,1317,0,7.256289362001505,32.50996860670105
Thomas Arnold,4313,0,8.368198779725242,32.89999157510575
Naomi Watts,1876887,0,14.32364941562878,34.218404392619384
Jack Black,11406958,0,16.05961113893737,34.358261367316025
Adrien Brody,927055,0,13.697136701930818,34.140831586084374
Colin Hanks,510933,0,12.056789194627454,33.86965169041835
Evan Parke,3730,0,8.710914909675433,33.011078662698274
Jamie Bell,20026,0,10.282282651589965,33.465351974098674
John Sumner,838,0,6.070708270534338,32.04423537993645
Craig Hall,7370,0,9.172846252029553,33.15400290204272
Kyle Chandler,9078,0,8.624172433872905,32.983368696843435
William Johnson,2656,0,7.656448750664655,32.655546350701115
David Pittu,1406,0,7.466662022990892,32.587233019192716
Geraldine Brophy,120,0,4.891349676129018,31.529883388572873
David Dennis,4157,0,8.349354079970457,32.89375856276263
Jim Knobeloch,50,0,3.884004120554103,31.05022287277208
Lee Donahue,1162,0,7.222055117671207,32.49724194799093
Tom Hobbs,2960,0,7.645119707676571,32.6515054999764
William Wallace,525,0,6.254005189566922,32.11960359752165
Richard Kavanagh,27630,0,10.512236991578764,33.52424685444787
Stephen Hall,1197,0,7.163718162562738,32.47545618208961
Joe Folau,258,0,5.406005373281869,31.76060250056618
Samuel Taylor,2158,0,7.737677747411364,32.68438151720643
Kate Winslet,1457981,0,13.399724563742572,34.09897616357218
Leonardo DiCaprio,61878062,0,18.155003354069105,34.380095338929266
Frances Fisher,61352,0,10.919768994392436,33.62386577860025
Billy Zane,144956,0,11.625299261878334,33.7819514330004
Gloria Stuart,32,0,3.518113992914437,30.86680065880124
Bill Paxton,830,0,6.962041444365166,32.39918054976364
Bernard Hill,403,0,6.18371677303322,32.09084775755888
David Warner,10502251,0,16.276413597674384,34.367976996021
Victor Garber,416450,0,13.12838684351184,34.05796489158481
Jonathan Hyde,2446,0,8.032795618728578,32.78711085307673
Suzy Amis,18734,0,9.846235451433731,33.34835670781824
Nicholas Cascone,280,0,5.634995776637185,31.86014080181149
Danny Nucci,60525,0,11.12284163148023,33.67123560865181
Jason Barry,4552,0,9.176574957146196,33.15512479665131
Eric Braeden,111455,0,11.731955811626843,33.80426365204174
Bernard Fox,507,0,6.0838903731781295,32.04969666582985
Ewan Stewart,133,0,4.940232586039038,31.55221434192419
Ioan Gruffudd,101807,0,11.6681308236304,33.79096171183755
Jonny Phillips,2049,0,7.604799816984379,32.637086047958405
Edward Fletcher,2098,0,7.713113798039766,32.675687139361095
Scott G. Anderson,503,0,6.108563252104277,32.05990142915922
Martin East,150,0,4.872008797271872,31.521023826857025
Gregory Cooke,365,0,6.131698104164744,32.06944981165996
Alexandrea Owens,19932,0,9.487311705437891,33.246830433255745
Seth Adkins,805,0,6.403745890621509,32.18026112595646
Michael Ensign,224,0,5.484267753236107,31.794837816818724
Martin Hub,1086,0,6.755741754291145,32.319615572045805
Mark Lindsay Chapman,414,0,5.645827275057759,31.864801515641492
Richard Graham,149,0,4.834323200396797,31.503721673846247
Paul Brightwell,204,0,5.412106678156887,31.76327953318251
Charlotte Chatton,1282,0,7.309106953986827,32.52951948951989
Fannie Brett,4118,0,7.587546054238675,32.63089746267787
Jenette Goldstein,4670,0,8.093917949374584,32.80798864548541
Camilla Overbye Roos,10,0,2.33300838924537,30.239050501929107
Linda Kerns,90,0,4.440064298236805,31.31959231497392
Amy Gaipa,95,0,4.655669433883377,31.420990829982852
Martin Jarvis,315,0,5.595947972020633,31.8433031615306
Rosalind Ayres,941,0,6.760371576682799,32.32141828066542
Rochelle Rose,1290,0,7.35268485168107,32.54557331378399
Brian Walsh,2634,0,7.555098953217455,32.61922980141025
Rocky Taylor,709,0,7.1490442493629685,32.469956637556336
Craig Kelly,31209,0,9.88783149049604,33.35981767883223
Liam Tuohy,2755,0,7.665053096807581,32.65861221462995
Simon Crane,242,0,5.366811522837803,31.743373149901505
James Lancaster,8520,0,8.899003918041695,33.070217480955804
Elsa Raven,51,0,4.067851041815086,31.140535738035314
Laramie Landis,1619,0,7.361763525616611,32.54890908814656
John Walcutt,24,0,3.146870599182148,30.675684728333653
Derek Lea,484,0,6.467252055354834,32.205738506519864
Richard Ashton,1124,0,6.963166323360977,32.39961011758166
Brendan Connolly,596,0,6.535985322544758,32.23314648792365
Richard Fox,563,0,6.139392024268523,32.072620959132955
Mark Capri,137,0,5.117670657146467,31.63253734095537
Marc Cass,24,0,3.0821986320777226,30.64187549804008
Paul Herbert,803,0,6.679794311662589,32.28993196513665
Emmett James,98129,0,11.281840589934276,33.70727059691501
Chris Byrne,1057,0,7.126939728395097,32.46165733794227
Oliver Page,1223,0,6.963020768736856,32.39955453591741
James Garrett,627,0,6.464511994685915,32.20464229829509
Erik Holland,195,0,5.039992286538266,31.597515622451294
Tricia O'Neil,164,0,5.17713912922575,31.65919970831564
Van Ling,153,0,5.259620380797567,31.69596537676514
Shay Duffin,44,0,4.001749961029243,31.108206771504747
Diana Morgan,1807,0,7.770023037250831,32.695796389925604
Kris Andersson,64,0,4.211198445222748,31.210094949608948
Anne Fletcher,87,0,4.399626767391293,31.300385096555026
Scott Hislop,135,0,4.894874454409161,31.531496523750945
Ellie Bensinger,244,0,5.671570950889447,31.8758615908863
Alexandra Boyd,327,0,5.977170130656969,32.00530019053249
Mike Butters,204,0,5.350365608286529,31.736126884767533
James Cameron,651643,0,13.08331183602891,34.050890926050975
Thomas Fiss,5350,0,9.236901026177758,33.17320498823064
Tony Kenny,286,0,5.597786646224989,31.844097261085857
Sean Lawlor,876,0,6.976656217335511,32.4047580171646
Don Lynch,1960,0,7.685075256246788,32.66573593159286
Johnny Martin,9397,0,8.789079568605288,33.03581244794248
Ryan McClurkin,874,0,6.874852948533139,32.36574411216689
Mike O'Neal,369,0,5.931887527993406,31.98633624954722
Steven Quale,347,0,6.124965230146036,32.06667299328119
Olivia Rosewood,961,0,6.847019761775503,32.355011585248164
John Slade,28263,0,9.82041565457465,33.34121070214874
Stephen Wolfe Smith,545,0,6.244648852523235,32.11578624448548
Lucie Zolcerova,160,0,5.064836655946294,31.60874087399375
Sebastian Stan,8840968,0,15.17224929129252,34.30055768637664
Chadwick Boseman,12351421,0,14.801529608091151,34.2679116092151
Paul Rudd,194911,0,11.804890033480415,33.81928146043519
Emily VanCamp,1347030,0,13.965119559753395,34.175771402291694
Tom Holland,66491098,0,17.66459013871676,34.38939554344636
Frank Grillo,635021,0,13.164473830060532,34.06357467602822
Daniel Brahl,822093,0,9.25852722192958,33.179654079501624
John Slattery,598,0,6.533251461105387,32.232059640540925
Marisa Tomei,2219158,0,14.649352231105055,34.25305383633526
John Kani,422,0,5.62737493263614,31.856859034362362
Hope Davis,13178,0,8.754563616870627,33.02491808499048
Gene Farber,13357,0,10.027440007485136,33.39782091061957
Florence Kasumba,88207,0,10.427458235429324,33.50275902910983
Alfre Woodard,76673,0,11.097438692275851,33.66539261085386
Jim Rash,150242,0,11.285774320717604,33.708150390177565
Joe Russo,57180,0,10.983618562623803,33.63892242306455
Jackson Spidell,11110,0,9.325712827585615,33.19958008149514
Heidi Moneymaker,53286,0,10.899689477178612,33.619099886574645
Aaron Toney,120533,0,12.011680753706552,33.86080249920752
Cale Schultz,3877,0,8.577745441167917,32.96842435784663
Ann Russo,1352,0,7.453385625999567,32.5824048506733
Joshua Peck,16992702,0,17.324959533520346,34.39067511760374
Blair Jasin,785,0,6.652472833610491,32.27920187232221
David de Vries,1512,0,7.362531024836834,32.54919095179567
John Curran,4969,0,8.723667790980217,33.01512935248683
Katie Amess,996,0,6.517852785246046,32.225932780714636
Austin Sanders,291,0,5.900696274647015,31.973229966697566
Brett Gentile,156,0,5.181628603357773,31.661207282802735
Matthew Anderson,301221,0,13.177055294255531,34.06551927600521
Ernest Charles,12269,0,8.643304285236209,32.989504066580594
Nathaniel Ellis,28532,0,10.096812635738202,33.41643960919246
Justin Freeman,10134,0,9.56007037677801,33.26779236617824
Julian Grimes,800,0,6.8671542708525255,32.362778326105925
Aaron Hayes,896,0,6.6517271954476245,32.27890865118412
Austin Hooper,66421,0,10.982290822604355,33.63861084271411
Amiri Jones,234,0,5.570361183273125,31.832239711848533
Myles Joseph,1202,0,7.264427691960754,32.51298773611756
Stephen Lewis,3928,0,8.349266514709903,32.89372956960718
Stanley Sellers,103,0,4.931016775813708,31.548011018785036
Jacob Sung,120,0,5.06671489549373,31.609588586462003
Kim Scar,23,0,3.2856129185261405,30.747699787073113
Umar Khan,619364,0,13.461532016636513,34.10794105755004
David Brown,24067,0,10.193800510564133,33.44217447653119
Guy Fernandez,11062,0,9.550381252415836,33.26501209601355
Sophia Russo,120509,0,10.8725068220513,33.61262453764188
Amelia Morck,879,0,6.8679935779623085,32.363101760451755
Julianna Guill,42886,0,11.808956030790576,33.8201129537076
Surely Alvelo,986,0,6.896388896363616,32.37402894711428
Ray Sahetapy,48542,0,10.669242386404507,33.56334607588792
Alexander SkarsgÃÂÃÂ¢ÃÂÃÂÃÂÃÂ¡ÃÂÃÂ¢ÃÂÃ¢ÂÂ¬ÃÂÃÂ¢rd,42412,0,9.25852722192958,33.179654079501624
Rihanna,152641592,0,18.50139337774171,34.36821962062591
Brooklyn Decker,736746,0,14.062156694523564,34.18777470079827
Tadanobu Asano,290618,0,13.80305125772599,34.15495507392248
Gregory D. Gadson,71,0,4.278250764372533,31.24237374736589
Hamish Linklater,47781,0,11.813831244174946,33.821109132981924
Jesse Plemons,6114,0,9.12399631580651,33.13925788596629
Jerry Ferrara,750122,0,13.540530653367323,34.11919580646657
David Jensen,10391,0,9.281915322845771,33.18660930922535
Peter Berg,146082,0,12.711033256572216,33.98962185025387
Rico McClinton,1754,0,7.481360952471611,32.59257098540697
Stephen Bishop,130651,0,11.78085963608014,33.81435490195635
Rick Hoffman,1127297,0,16.44498839045118,34.37434200555507
Gary Grubbs,298,0,5.946855076646318,31.992612829532817
Rami Malek,120709,0,11.899222875021112,33.83841655756153
Peter MacNicol,399,0,5.9938188516598165,32.01225364604154
Louis Lombardi,9554,0,9.274089074220669,33.18428414363862
Jordan Kirkwood,352,0,5.708549712946288,31.89170605396298
Lloyd Pitts,10577,0,9.347301300728782,33.20594773411945
Natalia Castellanos,16818,0,8.968317542121788,33.09168438060634
Leni Ito,5645,0,9.05079694771928,33.116999599219156
Jackie Johnson,21937,0,9.604704861616051,33.280555729110574
Dante Jimenez,94,0,4.615940066015244,31.402434141363553
Ralph Richardson,59,0,3.916655961413312,31.066353129024783
Yutaka Takeuchi,1237,0,7.203250335352768,32.49023296690869
Drew Rausch,1291,0,6.847434016872429,32.35517153070984
Chris Pratt,45529134,0,17.135974281672702,34.38955814479202
Vincent D'Onofrio,228341,0,12.3405517381581,33.923610547815905
Nick Robinson,1400135,0,14.42514076579585,34.22961801849428
Ty Simpkins,195100,0,13.004410465850746,34.03832924334243
Jake Johnson,1751609,0,15.107287770622833,34.29520073052319
Omar Sy,3042972,0,15.638976045681945,34.33450242271109
BD Wong,199772,0,12.08845141460788,33.87581855459554
Judy Greer,528383,0,12.34344094457594,33.92414478212829
Lauren Lapkus,490834,0,13.320578170490714,34.08729208980644
Brian Tee,290321,0,12.993196180382148,34.036525344227854
Katie McGrath,225397,0,12.593354379326572,33.96919883098094
Andy Buckley,116670,0,11.84526103912417,33.82751046600974
Eric Edelstein,8431,0,9.723784247394327,33.31424991746507
Jimmy Fallon,26457357,0,17.095243013168442,34.389146106137005
James DuMont,8094,0,8.950750992610214,33.08626054336254
Matt Burke,3782,0,7.986369756454959,32.7711615782443
Colin Trevorrow,51245,0,10.2057415713162,33.445319116718935
Courtney J. Clark,2682,0,7.621019508826873,32.64289379238362
Kelly Washington,33205,0,9.989611317073672,33.3875939446747
Matthew Cardarople,338865,0,13.166804645616892,34.06393536594637
Yvonne Angulo,243,0,5.506829102310514,31.804665471361233
Chloe Perrin,31852,0,10.755074484180891,33.58433933607204
Erika Erica,257,0,5.608058409881941,31.848531225224708
Tiffany Forest,2244,0,7.757093441855592,32.69123804378984
Javier Bardem,636223,0,14.15353725768166,34.19876307025426
Banice Marlohe,39957,0,9.25852722192958,33.179654079501624
Ola Rapace,21189,0,9.931897178703371,33.37189000500692
Bill Buckhurst,126,0,4.70262071485537,31.442846201333897
Elize du Toit,26,0,2.87278433203637,30.531346990770533
Tonia Sotiropoulou,217513,0,12.13584722962085,33.88498125726262
Wolf Blitzer,276957,0,13.258149035444648,34.07791410534021
Jens Hultan,1459,0,9.25852722192958,33.179654079501624
Orion Lee,2066,0,7.832045246176959,32.71757729444381
Yennis Cheung,201,0,5.439815317841353,31.77541993385983
Alfred Molina,6471,0,7.818282526641563,32.71275627462335
Scott Spiegel,115,0,4.964119971372554,31.563094880830562
Joel McHale,586996,0,13.744481323905188,34.147195661551216
Hal Sparks,105396,0,11.346910715814971,33.72175093616021
Donnell Rawlings,529027,0,13.34676245926405,34.091182963496095
Emily Deschanel,122163,0,11.19067795305467,33.686723023433295
Daniel Dae Kim,737807,0,13.537309851111122,34.11874141474536
Aasif Mandvi,45356,0,10.753487369630784,33.58395359925578
Joey Diaz,1753516,0,14.439558123595594,34.231180376059626
Vanessa Ferlito,23188,0,9.834771206567073,33.345186823764024
Joy Bryant,140130,0,12.10528034675108,33.8790813925834
John Landis,3527,0,8.493671810638551,32.94116111010268
Phil LaMarr,84656,0,11.59233118213228,33.77497033834885
Gregg Edelman,223,0,5.143839980367923,31.644286169198928
Christine Estabrook,61,0,4.18562978776837,31.197742912883257
Joanne Baron,3106,0,8.248367971136012,32.86013517183208
Peter McRobbie,41,0,3.705555305647525,30.961378133276853
Marc John Jefferies,95036,0,12.110594430304737,33.8801095468904
Reed Diamond,3849,0,8.249930085092311,32.860658122144855
Brendan Patrick Connor,225,0,5.225459164010448,31.68076837965278
Dan Callahan,173,0,5.287511865015885,31.708341527152058
Susie Park,364,0,5.88406362597717,31.96622651509037
Brianna Brown,117451,0,11.640602254388371,33.78517836583435
Tom Carey,16546,0,8.67647162044579,33.000108700696245
Dan Hicks,6003,0,8.662345791413538,32.99559715592085
Tony Campisi,102,0,4.760211709258817,31.469544030263908
Molly Cheek,724,0,6.736539307838788,32.31213035910701
Kelly Connell,231,0,5.355628170736851,31.738446709724393
Roshon Fegan,488885,0,12.861103011946646,34.014930630587386
Taylor Gilbert,741,0,7.042201981161763,32.429676194931055
Timothy Jerome,152,0,5.282026032357606,31.70590957605782
Elyse Dinh,110,0,4.749410858068445,31.464546262368764
Anne Betancourt,44541,0,10.422171060625578,33.50141023596274
Tim Storms,2156,0,7.616748375431526,32.64136537267872
Bill Calvert,191,0,5.307300234338687,31.717104848681277
Chloe Dykstra,84461,0,11.47444682914828,33.74968238121677
Julia Max,11746,0,9.438017076014557,33.23251839070712
Calvin Dean,3749,0,8.077137235294495,32.80227041436982
Peter Cincotti,46952,0,10.9019181233331,33.61962958615904
Peyton List,20914317,0,15.960117181552729,34.35322657084209
Spencer List,511816,0,13.40922489276204,34.10036324160997
Troy Metcalf,1561,0,6.689438274117484,32.293712957262265
Scott Ross,12283,0,9.59627266569841,33.27815010655039
Bonnie Somerville,49939,0,10.702509176295278,33.57151465498266
Lou Volpe,223,0,5.396455163382863,31.756409476166507
David Boston,31311,0,10.172885390705776,33.43665396544196
Garrett Warren,53798,0,10.878310989105968,33.614009456027794
Michael Arthur,394415,0,12.918554016723544,34.02440128385392
Cindy Cheung,690,0,6.39534005653766,32.17687780958439
Guy Pearce,2798,0,7.4483567785983,32.58057434666865
Rebecca Hall,147725,0,11.512076741672498,33.75780985002245
Jon Favreau,2511380,0,13.549937137200386,34.12052070134959
Stephanie Szostak,59806,0,11.008586939756912,33.644769724074976
William Sadler,2909,0,8.190879904943948,32.8408276895933
Dale Dickey,300,0,5.332439390052833,31.72821709954147
Miguel Ferrer,132,0,4.936875956879261,31.55068374630937
Shaun Toub,46182,0,10.672490395550522,33.56414540166598
Josh Elliott,419,0,5.73152579634911,31.901525504025283
Megan Henderson,60641,0,10.768002239952995,33.58747789905142
Bill Maher,791360,0,13.530157900938493,34.11773105734116
Joan Rivers,287754,0,13.2122209808672,34.07092376901109
George Kotsiopoulos,114452,0,11.58128311944476,33.77262197323108
Ashley Hamilton,13489,0,9.585367255369055,33.27503503936282
Kim Dean,267,0,5.7063995930054245,31.890786153029783
Anthony Reynolds,230,0,5.368636698924018,31.74417673361103
Kendrick Cross,39452,0,9.692299539187974,33.305391632099266
Tom Clark,1908,0,7.48397649670311,32.5935200000752
John Eddins,100,0,4.622553803367601,31.405527278196356
Spencer Garrett,16480,0,9.9679540311439,33.381715322836854
Sarah Burkhardt,375,0,5.826374086097439,31.94185688313867
Jan Broberg,10728,0,8.523423747950867,32.95083860454578
Andrew Lauer,928,0,6.373084883336298,32.167907693907445
Nate Bynum,639,0,6.346016443634859,32.15697311150943
Andrew Lander,656,0,6.222255818984978,32.10663694816634
Tom Virtue,59,0,3.901711638232796,31.058975365182818
Bobby Tisdale,1470,0,7.446677081924329,32.57996272959261
Yvonne Zima,54,0,3.8063463654675407,31.011702520759115
Adam Pally,133336,0,10.89482995693263,33.61794425615642
Cullen Moss,90584,0,10.917885577265452,33.62341937523093
Rebecca Mader,676550,0,13.563854156137197,34.12247495841979
Kevin Arnold,18977,0,9.948061876270213,33.37630069384189
Adam Lytle,30778,0,10.25502103430884,33.45824147203746
Phil Ortiz,913,0,6.885742122510469,32.36993527758989
Gwendalyn Barker,1507,0,7.124332827564776,32.46067737907648
Steve Wilder,17558,0,10.303343990031738,33.470826657608704
Karina Florez,2397,0,7.796020288851288,32.7049432281542
Mike Massa,4409,0,8.533816834812457,32.95421155380759
Johanna Yunda,2968,0,7.87374541417666,32.73214233593949
Wesley Thompson,31642,0,10.216963763970616,33.44826968625462
Jenna Ortega,39887276,0,15.316193288909387,34.31187728022823
Chad Kurtz,27,0,3.2517401597560003,30.73018295637622
Cal Johnson,497724,0,12.504396477955703,33.95342376268983
Corey Hawkins,122623,0,12.559862599004331,33.96329368205335
Linden Ashby,251545,0,12.672357784659964,33.982965711446546
Sarah Farooqui,1331,0,7.072651929474668,32.441198671175194
Sala Baker,9755,0,9.806019050047825,33.33721563172177
Nick Brandon,107854,0,12.100039924551137,33.878066477454475
Dan Brown,222433,0,12.087505422054084,33.875634835202185
Fernando Chien,23,0,3.16977810763166,30.687623592365934
Kiante Elam,6,0,1.820048337919932,29.951388657679765
Colin Follenweider,933,0,6.514462746186575,32.22458277821918
Aja Frary,10180,0,8.935378506680639,33.08150487350663
Mark Ginther,854,0,7.089317118419242,32.44749052162937
Adrian Gonzalez,277887,0,13.553700811753163,34.12104990406735
Dennis Keiffer,854,0,6.992873064882593,32.41093773388472
Samuel Le,90207,0,11.236677768073063,33.697129171677545
Tara Macken,25106,0,9.889424609157668,33.360255371674924
Jade Quon,2297,0,8.437205095353908,32.92270489401353
Philip J Silvera,8370,0,8.708473620006515,33.010302558266375
Brian Simpson,126516,0,11.517434354704491,33.758962793574966
Chris Gethard,62262,0,10.999859581624811,33.64272847418709
Bridger Zadina,3167,0,8.105025348231004,32.81176795470028
Mia Wasikowska,48055,0,10.921507220669776,33.62427765390154
Crispin Glover,49511,0,10.843636066037716,33.605717427752445
Marton Csokas,5500,0,9.16029770329256,33.15022354907283
Lindsay Duncan,366,0,6.297397269488331,32.13726551091673
Matt Lucas,356290,0,12.174346406936236,33.892363492364254
Geraldine James,236845,0,12.8098487152472,34.00637948372869
Leo Bill,1459,0,7.241211137874805,32.504368530429765
Frances de la Tour,36,0,3.933037799682751,31.07443117484265
Michael Sheen,37570,0,11.884062132880098,33.83536322768721
Paul Whitehouse,4417,0,8.574816006773707,32.96747875799913
Michael Gough,1311,0,7.408809471546487,32.56614682435354
Imelda Staunton,1452,0,6.815791411012837,32.342936109742126
Eleanor Tomlinson,243513,0,12.576434355137032,33.966220687310646
Jemma Powell,11637,0,9.34064990257398,33.20398768236721
Eleanor Gecks,1906,0,8.210799624292738,32.84753146809041
Rebecca Crookshank,2533,0,8.087498359413129,32.80580231036976
Holly Hawkins,371,0,6.030931255806028,32.02771737457615
Lucy Davenport,4625,0,8.557393862069059,32.96184852655484
Joel Swetow,4,0,1.3906735032151212,29.70319269740213
Jessica Oyelowo,22351,0,10.563903392409069,33.53721303474984
Chris Grabher,967,0,6.976023257594602,32.40451662139515
Bonnie Parker,2532,0,7.6890446679766,32.66714647158752
Dale Mercer,24300,0,10.159751390020052,33.43317908043843
Cortney Palm,15659,0,9.454176974615676,33.23722000627137
Hugh Jackman,31407932,0,17.776988951905636,34.38804188896409
Halle Berry,8608423,0,16.246850376677592,34.36675351339792
Patrick Stewart,1732587,0,13.7553297618807,34.14864235326043
Famke Janssen,16298,0,10.084603788269243,33.41317569278351
Anna Paquin,449340,0,12.32603289521427,33.92092128576266
Kelsey Grammer,40504,0,10.566779428482224,33.5379319317606
Shawn Ashmore,219005,0,11.873911754339389,33.833314266981844
Aaron Stanford,15434,0,9.59857137311322,33.278806163293545
Ellen Page,5898941,0,15.369713719867178,34.315892580358394
Rebecca Romijn,281494,0,14.03701783248703,34.18469816478496
Vinnie Jones,240327,0,12.572146954731537,33.96546438458892
Ben Foster,643155,0,12.74972845143698,33.99622657149894
Daniel Cudmore,18812,0,9.924358025214888,33.369829604730064
Dania Ramirez,1089563,0,13.034141671226122,34.04308943581486
Cameron Bright,2951,0,7.8682836559014735,32.73023827574182
Ken Leung,158,0,5.176268941819428,31.65881049805908
Eric Dane,3298446,0,14.365336359537665,34.22305596312185
Omahyra Mota,34905,0,9.374235777256429,33.21386829573989
Meiling MelanÃÂÃÂ¢ÃÂÃÂÃÂÃÂ¡ÃÂÃÂÃÂÃÂ¸on,11221,0,9.25852722192958,33.179654079501624
Shauna Kain,836,0,6.604381516205651,32.260248344872736
Michael Murphy,501561,0,13.241541708270397,34.07539535378846
Shohreh Aghdashloo,674096,0,14.002637448868612,34.180453172263384
Josef Sommer,706,0,6.845549850545903,32.35444399625084
Bill Duke,75036,0,11.229419957826186,33.695492446676354
Haley Ramm,84623,0,11.492852352107056,33.7536641624927
Cayden Boyd,133006,0,12.771531748982088,33.99992393580392
Alex Ferris,2393,0,7.712502639611481,32.67547053894541
Olivia Williams,1163,0,6.799922958588265,32.33678636478267
Billy Crystal,3180,0,7.801080799702007,32.70672083408319
John Goodman,269,0,5.574547737096292,31.83405157254806
Steve Buscemi,7795,0,9.318742980638856,33.19752063820859
Helen Mirren,1152859,0,12.773343994662564,34.00023046966177
Noah Johnston,13206,0,9.737640813015616,33.318136987334704
Peter Sohn,10343,0,10.247043670562675,33.45615563220215
Joel Murray,10962,0,8.583914055656775,32.9704145136825
Sean Hayes,1442993,0,14.758316593450315,34.263778731726134
Dave Foley,32324,0,9.923852104683135,33.36969126551218
Charlie Day,1690379,0,14.12393353722342,34.19523675145945
Tyler Labine,200134,0,11.553237818751194,33.766640619604075
Nathan Fillion,1468075,0,14.270467682897012,34.21237782545014
Aubrey Plaza,4570079,0,13.80473521256206,34.1551763085795
Bobby Moynihan,215882,0,12.50075002494132,33.95277094825929
Julia Sweeney,695,0,6.684182424879353,32.291652782040686
Bonnie Hunt,56367,0,10.90995212453984,33.621537579920734
John Krasinski,4876289,0,14.84280842233713,34.271795647118736
Beth Behrs,1274984,0,13.600465818816962,34.127582176350636
Bob Peterson,1656,0,7.539130114438448,32.613473407843266
John Ratzenberger,219,0,5.426635053761691,31.769648573418273
Frank Oz,79,0,4.203630421371521,31.206441385153923
Ava Acres,32312,0,10.52616850295836,33.52775272585241
Shia LaBeouf,7395,0,8.618782108694784,32.98163766013107
Megan Fox,21650255,0,16.702342536926743,34.382052298780216
Josh Duhamel,2310914,0,14.645558219257236,34.25267257570454
Rainn Wilson,3525687,0,14.920952217410244,34.27897756006205
Tyrese Gibson,18090628,0,17.700522910066397,34.38901309753514
John Turturro,19148,0,9.65545731296625,33.29497991125555
Kevin Dunn,246,0,5.65906129348523,31.87049018529246
Julie White,811,0,6.764890458990718,32.32317703578296
Ramiguez,31633,0,9.25852722192958,33.179654079501624
Isabel Lucas,219672,0,12.471958161758378,33.94759932140462
Glenn Morshower,2677,0,7.287121157500207,32.521393669469695
Marc Evan Jackson,212004,0,12.571077878732366,33.965275693422946
Peter Cullen,8814,0,9.350223417148284,33.20680831901544
Arnold Chun,1880,0,7.11546193120479,32.45734086050166
Katie Lowes,390054,0,12.62744412950702,33.97516723304519
Mark Ryan,38324,0,10.57970420841886,33.541158884483295
Reno Wilson,100453,0,11.107547744251608,33.6677206514051
Jess Harnell,70299,0,11.533001826395896,33.762306906706286
Robert Foxworth,794,0,6.604767595925486,32.26040084202296
Andre Sogliuzzo,1712,0,9.25852722192958,33.179654079501624
Grey Griffin,95751,0,11.990027299877752,33.85652814578868
Tony Todd,74891,0,12.198175582510553,33.89690555612914
Charlie Adler,4054,0,7.773899780036731,32.69716194793678
Frank Welker,280,0,5.686195521174525,31.8821338341657
Tom Kenny,11489,0,9.583469756596283,33.27449258508134
Michael York,295,0,5.594933348096685,31.842864905607584
John Eric Bentley,3746,0,8.553703809396149,32.960654603535254
America Olivo,8468,0,9.998136145337748,33.389903200911455
Andrew Howard,3421,0,7.948416540909935,32.75806439024659
Matthew Marsden,15568,0,9.256686547889128,33.17910584366509
Deep Roy,45133,0,10.79540520424543,33.594110477395446
Mark Wahlberg,25814936,0,16.579599887398956,34.37867744245016
Stanley Tucci,4012132,0,14.84933497544657,34.27240403638344
Nicola Peltz,3087180,0,14.292777950255916,34.21491864016158
Jack Reynor,63088,0,9.6645325308899,33.29754920784511
Titus Welliver,66599,0,11.904706595134376,33.8395188904004
Sophia Myles,13472,0,8.834824010579412,33.05018367221715
Li Bingbing,589879,0,14.795340859316005,34.26732391445439
T.J. Miller,343637,0,12.907633236293885,34.02261032389916
James Bachman,356,0,5.923081789518623,31.98263976669586
Greg Anderson,117097,0,11.730612715527316,33.80398527010776
Melanie Specht,81898,0,11.445760947693522,33.74345185447499
Victoria Summer,29357,0,10.393809038785772,33.49415742477905
Han Geng,254611,0,11.59186086984227,33.77487046032011
Kevin Covais,3355,0,8.07865119917542,32.80278673901754
Ken Watanabe,50632,0,11.380621281890845,33.72919173073589
John DiMaggio,57786,0,11.57309845848074,33.77087936798172
Mark Rolston,2352,0,8.344933091594992,32.89229440773655
Charles Parnell,11060,0,8.876941427988026,33.06334766938437
Erika Fong,53408,0,10.413662032496566,33.49923737757114
Glenn Keogh,2057,0,7.829054606960392,32.716530276545946
Richard Gallion,7198,0,9.222290303423696,33.16883826966911
Kassem Gharaibeh,110901,0,12.218811795468833,33.90082221195115
Tyrone Smith,114303,0,12.459545347006008,33.945360353717454
Candice Zhao,1565,0,7.480925009748212,32.59241278516137
Cleo King,3578,0,8.06040619191172,32.79655884407419
Patrick Bristow,174,0,5.23069224056365,31.683099143470137
Michael Wong,42185,0,10.409003723166474,33.49804671258041
Mila Kunis,1430603,0,14.283367294306238,34.21384912590912
Rachel Weisz,206139,0,11.849103774110926,33.82829063758225
Michelle Williams,1218739,0,13.759436023305204,34.14918881883722
Zach Braff,1509609,0,13.510709384050203,34.11497409007283
Bill Cobbs,901,0,6.495156468872104,32.21688648982846
Tony Cox,6586,0,8.250282368163322,32.86077604392248
Stephen R. Hart,115601,0,11.465096867748692,33.747654894736996
Abigail Spencer,800711,0,13.361564391371797,34.09337136047646
Tim Holmes,775,0,6.152991547211023,32.078220874616896
William Dick,34,0,3.321228540347684,30.766072605356154
Gene Jones,1649,0,7.233728641400754,32.50158642882492
Shannon Murray,12179,0,9.535515840981224,33.26073982045768
CiarÃÂÃ¢ÂÂÃÂÃÂ·n Hinds,1116,0,9.25852722192958,33.179654079501624
David Backus,7644,0,8.772529204463558,33.030594055520325
CiarÃÂÃÂ¡n Hinds,1117,0,6.592115487652526,32.25540056020651
Derrick 'Phoenix' Thomas,2668,0,9.25852722192958,33.179654079501624
Stellan SkarsgÃÂÃÂ¥rd,11051,0,8.516488031396849,32.94858550214318
Patrick O'Connor Cronin,285891,0,9.25852722192958,33.179654079501624
JoaquÃÂÃÂ­n Cosio,290089,0,12.448928280221578,33.943440818477264
Jess Ochoa,48792,0,10.433836169063962,33.50438471992063
Skandar Keynes,13827,0,9.673049144498666,33.29995761428895
Damian AlcaÃÂ¡zar,5024,0,9.248664333222944,33.17671501735871
KlaÃÂ¡ra IssovaÃÂ¡,34553,0,10.361030415466908,33.485738497348905
Maximiliano HernÃÂÃÂ¡ndez,2038,0,7.987648597707316,32.77160197209254
M'laah Kaur Singh,5535,0,9.25852722192958,33.179654079501624
Martin Palmer,2689,0,7.873086810012245,32.731912793438084
Frank Powers,725,0,6.477367401869582,32.20978294351156
Christina Shaffer,338,0,5.822939364658377,31.940402119633184
PenÃÂÃÂ©lope Cruz,6807196,0,16.39341053244375,34.372505019201164
Astrid BergÃÂÃÂ¨s-Frisbey,174241,0,12.53206163258376,33.95836071989524
Damian O'Hare,871,0,9.25852722192958,33.179654079501624
Oscar Jaenada,288605,0,12.84591961760249,34.01240749554491
Alice Eve,384251,0,13.259137124197547,34.07806364559642
Stephen Hunter,945,0,6.961943981797178,32.399143328661395
Dean O'Gorman,36966,0,10.97115728456691,33.63599559867429
Aidan Turner,20417,0,9.419631876159793,33.22715771069683
John Callen,287,0,5.662312267482934,31.871886641886917
Peter Hambleton,14,0,2.6902510055400923,30.43369639420513
Jed Brophy,13798,0,9.148795110968864,33.14675415075075
Adam Brown,10441,0,9.527688756936154,33.25848708770646
Cate Blanchett,507377,0,12.154349549739454,33.88853585948199
Hugo Weaving,3460,0,8.389347070756326,32.90697103126686
Sally Field,22318,0,9.03272950925502,33.111475507075994
Charlie DePew,79534,0,11.187465368415964,33.68599337315944
Jonathan Zaccaa,297,0,6.053830783846196,32.03723382481759
Charlie Rowe,100699,0,11.69263823220041,33.796087008953236
Frank Edwards,1015014,0,13.716468213959434,34.14344004703348
Griffin Howell,1194,0,7.136307029451735,32.46517654214145
Daniel BrÃÂÃÂ¼hl,822087,0,12.770027141009637,33.99966934622397
Ralphael Grand'Pierre,1762,0,9.25852722192958,33.179654079501624
D'Mahrei McRae,2612932,0,9.25852722192958,33.179654079501624
Michael Anthony Rogers,81,0,4.545457929943988,31.369371314931815
