Actor,Followers,Is_In_IMDB,Score
Sam Worthington,70420,0,10.091322081131876
Zoe Saldana,11438061,0,15.414094999364208
Stephen Lang,107029,0,10.684929610941168
Michelle Rodriguez,9108491,0,16.458741962427165
Joel David Moore,81736,0,10.829406663738695
CCH Pounder,38123,0,10.396515407044486
Laz Alonso,913198,0,12.396064001847918
Dileep Rao,1522,0,6.875703373207047
Matt Gerald,21914,0,9.404491695871213
Sean Anthony Moran,2408,0,8.245590930375899
Scott Lawrence,665,0,6.566507543697622
Sean Patrick Murphy,1377,0,6.877071811007518
Peter Dillon,508,0,5.633450697876455
Kevin Dorman,3774,0,8.366216908844287
Kelson Henderson,10275,0,10.071528299492702
Jacob Tomuri,37339,0,10.699559318654327
Jon Curry,984,0,6.90499039459017
Luke Hawker,399186,0,13.08542993207929
Peter Mensah,30723,0,10.3553426318366
Jahnel Curfman,14299,0,9.128697666122823
Ilram Choi,30,0,3.3472443217099968
Kyla Warren,1339,0,7.286800503823906
Lisa Roumain,4568,0,8.762705595632788
Debra Wilson,2675,0,7.323012199458018
Chris Mala,101,0,4.902886854950185
Frankie Torres,1622,0,7.232406638030242
Austin Wilson,102881,0,11.413605221475807
Sara Wilson,6232,0,8.32526170853349
Matthew Chamberlain,4172,0,8.273966471959039
Paul Yates,268,0,5.661389324648122
James Gaylyn,233,0,5.339692096013873
Christopher Nolen,220870,0,12.229763553423433
Matt Clayton,1038,0,7.2923485105841594
Nicole Dionne,1879,0,7.402733867749819
Jamie Harrison,63703,0,10.896092885197712
Allan Henry,3505,0,8.430809896392365
Ashley Jeffery,1688,0,7.416023958952286
Terry Notary,12466,0,9.6288854320194
Kai Pantano,1667,0,7.253812516644377
Raja,3094676,0,15.013205515187849
Rhian Sheehan,2084,0,7.874417879738906
Jodie Taylor,77903,0,11.761072984407487
Alicia Vela-Bailey,35405,0,9.922643192311059
Richard Whiteside,805,0,6.878895168318473
Nikie Zambo,24,0,3.206033851789018
Julene Renee,182,0,5.043143338805294
Johnny Depp,28756476,0,17.946831801369207
Orlando Bloom,7182511,0,15.998199330200515
Keira Knightley,245150,0,12.203330714467638
Stellan SkarsgÃ¢ËÅ¡Ãâ°Ã¢Ëâ ÃÂ­Ã¢ËÅ¡Ãâ¡ÃÂ¬Ã¢â¬Â¢rd,11051,0,
Chow Yun-fat,4731,0,8.862614693219212
Bill Nighy,380,0,5.677759291885969
Geoffrey Rush,6583,0,9.312960498111062
Jack Davenport,3569,0,8.4211589245187
Kevin McNally,48715,0,10.778537220132414
Tom Hollander,86,0,3.9403841466857945
Naomie Harris,253908,0,11.961418151732866
Jonathan Pryce,480,0,5.623133869502202
Keith Richards,1529469,0,14.90541420470823
Lee Arenberg,14387,0,10.076239883453326
Greg Ellis,15922,0,9.464185625123296
Martin Klebba,26315,0,10.960019857392938
David Schofield,431,0,5.954824219646641
Lauren Maher,1760,0,7.6851361423079645
Vanessa Branch,2252,0,7.304503424019366
Angus Barnett,20,0,3.216800661626986
Giles New,99847,0,11.466003533668058
Reggie Lee,131700,0,11.719197848665438
Dominic Scott Kay,52012,0,10.494494396086338
David Meunier,1047,0,6.909274126834725
Andy Beckwith,278,0,5.689390348668314
Peter Donald Badalamenti II,788,0,7.08130834037063
Keith Richards,1529483,0,14.90541420470823
Hakeem Kae-Kazim,20612,0,9.619887856995863
Ghassan Massoud,3820,0,8.126125022648718
Daniel Craig,18750,0,9.004514569265725
Christoph Waltz,172695,0,11.650186555006645
LÃ¢ËÅ¡Ãâ°Ã¢Ëâ ÃÂ­Ã¢ËÅ¡Ãâ¡ÃÂ¬ÃÂ©a Seydoux,100452,0,
Ralph Fiennes,28850,0,9.28961176096342
Monica Bellucci,5337639,0,15.866586963276836
Naomie Harris,253902,0,11.961418151732866
Dave Bautista,4822633,0,14.495343359573976
Andrew Scott,7246,0,8.642874329754227
Rory Kinnear,720,0,6.565897075742673
Jesper Christensen,3758,0,7.650478664203084
Alessandro Cremona,1997,0,7.391216053189465
Stephanie Sigman,162702,0,12.97143987617668
Tenoch Huerta,1142083,0,12.832675526297923
Adriana Paz,194275,0,11.62146772699259
Ian Bonar,75,0,4.392730181759283
Tam Williams,395,0,5.895328227579104
Pip Carter,772,0,6.752651975588188
Simon Lenagan,379,0,5.36627383354754
Marc Zinga,1705,0,7.304711793035018
Brigitte Millar,133,0,5.058018241189356
Adel Bencherif,257623,0,12.646101074187579
Francesco Arca,595692,0,13.93355753977352
George Lasha,97,0,4.573882976516323
Sargon Yelda,356,0,5.784091465769949
Andy Cheung,550,0,6.253467554909997
Erick Hayden,7737,0,9.175558848115799
Nigel Barber,41051,0,10.427391706465087
Stephane Cornicard,1295,0,7.409814657976051
Gary Fannin,664,0,6.700385056882916
Phillip Law,14921,0,10.04978581508783
Wai Wong,7178,0,8.512757080325919
Joseph Balderrama,52,0,3.9167870189584724
Junichi Kajioka,4253,0,8.410663933662425
Detlef Bothe,1033,0,6.569895563698331
Noah Saavedra,10867,0,9.626047914574315
Michael White,1502,0,7.185597384541708
Judi Dench,3076,0,7.8905267960858945
Neve Gachev,363,0,6.049866801396582
Kim Adis,19400,0,9.77314327215049
Michael Caine,5713,0,8.936261142981333
Gary Oldman,27058,0,10.211526024636662
Anne Hathaway,30824292,0,17.193759026948907
Tom Hardy,9709225,0,16.538724459853853
Joseph Gordon-Levitt,1314517,0,13.612221740708408
Morgan Freeman,4202095,0,15.292480851916013
Cillian Murphy,1921885,0,15.248807169776999
Juno Temple,758929,0,14.131758536678754
Liam Neeson,41618,0,10.346222793072405
Matthew Modine,820290,0,13.792881218595392
Alon Aboutboul,14603,0,9.68634450990234
Ben Mendelsohn,30665,0,10.982738925901602
Nestor Carbonell,35044,0,11.07104010754402
Tom Conti,87,0,4.686259514466528
Joey King,18985094,0,16.695595527971882
Warren Brown,97408,0,11.480709514575322
Daniel Sunjata,538,0,5.870858756270142
Nick Julian,1710,0,7.36957100787493
Miranda Nolan,838,0,6.528860155434002
Claire Julien,29214,0,10.716130099092418
Aidan Gillen,7906,0,8.934819411059753
Reggie Lee,131697,0,11.719197848665438
Joseph Lyle Taylor,54937,0,10.860697766030574
Chris Ellis,6501,0,8.184231609692864
Duane Henry,28356,0,10.472111052498496
James Harvey Ward,61,0,4.144391191418983
Gonzalo Menendez,795,0,6.72200045975873
Cameron Jack,4117,0,8.196652736981685
Lex Daniel,459,0,5.746204158044774
Tyler Dean Flores,11926,0,9.734100114862919
Thomas Lennon,207344,0,12.479986491746505
Trevor White,1875,0,7.2512375106632865
Rob Brown,97162,0,11.173258925497702
Chris Hill,46077,0,10.750903899973107
Jay Benedict,370,0,5.878414773853769
Will Estes,120058,0,11.845865693145868
David Dayan Fisher,2737,0,8.037452544995288
Glen Powell,868735,0,13.593986523319042
Russ Fega,727,0,6.867459721074045
Brent Briscoe,76,0,4.469252789797874
John Nolan,22396,0,10.915363057838784
Oliver Cotton,4,0,1.4220376290323133
Mark Killeen,474,0,6.357636148504249
Sarah Goldberg,1305,0,7.328127857381796
John MacMillan,17889,0,8.976612972203034
Robert Wisdom,2051,0,7.8962803457612765
Ronnie Gene Blevins,8736,0,9.199230703260774
John Hollingworth,720,0,6.638551216226118
Ian Bohen,2955624,0,12.957293577768409
Uri Gavriel,117,0,4.9370868740794265
Noel Gugliemi,383968,0,12.837378233649469
Patrick Cox,16728,0,9.930684498550672
Aramis Knight,99216,0,10.934228967863033
Josh Stewart,128904,0,10.808224158165096
William Devane,104607,0,10.189183231992528
David Gyasi,24082,0,10.069777614238369
Patrick Jordan,5707,0,8.609994515311369
Joshua Elijah Reese,1080,0,6.923678532515178
Desmond Harrington,14855,0,10.244264050323965
Tomas Arana,321,0,5.713649985540649
Peter Holden,644,0,6.654848720953576
David Monahan,2496,0,7.994557403953573
Jillian Armenante,23696,0,9.812607456701308
Aja Evans,22041,0,10.23222471235423
Aldous Davidson,614,0,6.808055750236119
Wade Williams,6195,0,8.810462626963169
Jake Canuso,46865,0,11.258338189258522
Massi Furlan,51456,0,10.842131324341375
Christopher Judge,49533,0,9.69159352931429
Patrick Leahy,43339,0,9.479702448429919
Todd Gearhart,100,0,4.683944090268419
Marc Abbink,87,0,4.5420819975429785
Isiah Adams,750,0,6.501423628198633
Charlie Alejandro,4401,0,8.440492892642444
Grant Babbitt,2341,0,7.626332696831328
Fileena Bahris,2448,0,7.796364792147855
Rick Bolander,109,0,4.7104872495573336
Scott Churchson,41325,0,11.153806725260994
Bill Cowher,1414,0,7.139248439295402
Graham Curry,516,0,6.321601536914918
Frank Fata,41854,0,10.233610619487195
Sam Harris,365239,0,12.402301792131814
Cindy Jackson,31840,0,9.972536321634243
Daniel Jordano,1711,0,7.3369167422482215
Tiffany Kemp,10,0,2.224134147679574
Alex Kruz,449,0,6.272824414106297
LeJon,67,0,4.056666064697499
Paul Jude Letersky,139501,0,11.30179829244984
Joe Lipari,980,0,6.796912510867382
Silvia Lombardo,1750,0,7.498837651098995
David Dale McCue,128,0,4.813890303373994
Olan Montgomery,1217,0,7.201230278741969
Alex Moore,14419,0,9.489989084216996
Shane Nolan,42903,0,11.324462155499997
Jackson Nunn,21609,0,9.62291449552152
Joseph O'Brien,120543,0,11.841458628796616
Kyle David Pierce,36094,0,10.853400827946986
Troy Polamalu,573993,0,13.61496465074157
Michael Power,7783,0,8.857195702607594
James Rawlings,785,0,6.317038322266927
Ben Roethlisberger,758,0,6.827589393875345
Mark Roman,573,0,6.350188591768704
Eric Salazar,933,0,6.786360892992473
Emily Schooley,1900,0,7.809592839921444
Thomas Tull,212,0,5.343650658782646
Vincent van Ommen,2361,0,7.516237707008313
Barbara Vincent,309,0,5.75438914464355
Jason Yee,552,0,6.153920951840726
John Zion,1549,0,6.976667678524275
Alex Ziwak,907,0,7.092420616215272
Tommy Bayiokos,2788,0,8.025336136145858
Mark Falvo,159,0,5.219040605668071
Diogo Hausen,1966,0,7.49352744301127
Gary Sievers,76,0,4.469279199607123
London May,5161,0,8.049242262924512
James Quinn,795,0,6.605646082927326
Daniel Newman,508814,0,12.284933429311524
Mark Strong,131662,0,11.803520665498237
CiarÃ¢ËÅ¡Ãâ°Ã¢Ëâ ÃÂ­Ã¢ËÅ¡Ãâ¡ÃÂ¬ÃÂ°n Hinds,1118,0,
Dominic West,8142,0,8.19108599709445
James Purefoy,4250,0,8.364303571449403
Bryan Cranston,5372073,0,15.25070015150469
Polly Walker,75696,0,10.858700780090185
Daryl Sabara,756615,0,12.719948957920531
Arkie Reece,918,0,6.6978866382014814
Davood Ghadami,122876,0,11.10004634731086
Pippa Nixon,441,0,6.329365754774407
Philip Philmar,85,0,4.461372043029296
Emily Tierney,111341,0,12.058785860482843
Don Stark,4797,0,7.918818026686629
Josh Daugherty,3574,0,8.356363132811202
Christopher Goodman,943,0,6.530967413193297
Amanda Clayton,22895,0,9.842653325353774
Joseph Billingiere,1155,0,7.1701591856563835
Bryce Dallas Howard,3321892,0,14.545551714257778
James Cromwell,288,0,5.604805161573244
J.K. Simmons,3421,0,7.526103564765241
Theresa Russell,1351,0,7.230272472503103
Dylan Baker,14157,0,9.160857407636954
Bill Nunn,240,0,5.8878549875563495
Elizabeth Banks,3937666,0,14.538488687462115
Ted Raimi,74944,0,11.644845221095801
Perla Haney-Jardine,13163,0,8.77769081684696
Willem Dafoe,139511,0,11.997239473919935
Cliff Robertson,146,0,5.029861998995112
Elya Baskin,22,0,3.1155473087044263
Mageina Tovah,20394,0,10.32383224259112
Joe Manganiello,2847076,0,15.09282070895882
Stan Lee,12288917,0,15.792617861769449
Bruce Campbell,177749,0,11.723158881590072
Christopher Young,3186,0,8.149950284165868
Grant Curtis,279,0,5.520738630486955
Daniel Gillies,4663261,0,16.076063969643897
John Paxton,366,0,6.170260748811832
Becky Ann Baker,260,0,5.72016185269026
Steve Valentine,13127,0,9.785897411208795
Lucy Gordon,675,0,6.21047399524312
Toni Wynne,1255,0,6.864648952582607
Andre B. Blake,55412,0,10.470614586929653
Tim Maculan,557,0,6.5496242262668325
Marc Vann,205,0,5.502194371845193
Joe Bays,33,0,3.6375985991061213
Gregg Daniel,2534,0,7.824123906468968
Michael Alexander,229,0,5.499298321961345
April Parker-Jones,43116,0,10.11789923835171
Robert Curtis Brown,1051,0,6.878665364223237
Christina Cindrich,155737,0,11.961465124377954
Sonya Maddox,466,0,6.524042898695939
Jessi Collins,15519,0,9.451977326839753
Michael McLaughlin,1712,0,7.667487889237137
Emilio Rivera,721874,0,13.979069090871851
Keith Woulard,2217,0,8.154450506174594
Reynaldo Gallegos,4842,0,8.511627804897698
Dean Edwards,194312,0,11.487275432120342
Margaret Laney,668,0,6.716930347057701
Aimee Miles,367,0,5.941446129083895
Tanya Bond,3715,0,8.029095120506948
Mark Kubr,2497,0,8.226910978030073
Tony Besson,14339,0,9.945964176033874
Frank Anello,36,0,3.7196857525303373
Joseph O'Brien,120534,0,11.841458628796616
Joe Lipari,980,0,6.796912510867382
Silvia Lombardo,1751,0,7.498837651098995
Joe Lipari,980,0,6.796912510867382
Silvia Lombardo,1751,0,7.498837651098995
David Dale McCue,128,0,4.813890303373994
Olan Montgomery,1216,0,7.201230278741969
Alex Moore,14419,0,9.489989084216996
Shane Nolan,42903,0,11.324462155499997
Jackson Nunn,21609,0,9.62291449552152
Joseph O'Brien,120532,0,11.841458628796616
Kyle David Pierce,36094,0,10.853400827946986
Troy Polamalu,573990,0,13.61496465074157
Michael Power,7784,0,8.857195702607594
James Rawlings,785,0,6.317038322266927
Ben Roethlisberger,758,0,6.827589393875345
Mark Roman,836,0,6.350188591768704
Eric Salazar,933,0,6.786360892992473
Emily Schooley,1900,0,7.809592839921444
Thomas Tull,212,0,5.343650658782646
CiarÃ¢ËÅ¡Ãâ°Ã¢Ëâ ÃÂ­Ã¢ËÅ¡Ãâ¡ÃÂ¬ÃÂ°n Hinds,420,0,
Dominic West,8141,0,8.19108599709445
Taylor Kitsch,404839,0,13.653644064269987
Lynn Collins,144925,0,11.388993378205347
Samantha Morton,203065,0,11.447604279174305
Willem Dafoe,139515,0,11.997239473919935
Thomas Haden Church,481,0,6.393891782714719
Tobey Maguire,499785,0,12.842661491899328
Kirsten Dunst,2304495,0,15.448994387293192
James Franco,364210,0,12.457200926153783
Topher Grace,571941,0,13.494792807715367
Vanessa Reseland,273,0,5.622094492142085
La Rivers,6825197,0,16.127563026650876
Bria Roberts,401,0,5.7930685731855265
Luis Rosa,357470,0,12.984166235434275
Vanessa Ross,569,0,6.549228078040556
Brenna Roth,3552,0,7.8192540098000975
Shade Rupe,186,0,5.1713801955305065
Eric Shackelford,132,0,5.0143542813451765
Daniel Shafer,14783,0,10.066358568024665
Jennifer Sparks,2009,0,7.245858991566375
Jimmy Star,2445,0,7.8180242187733295
Arne Starr,181,0,5.430267663381451
Liam Stone,8737,0,8.6850958150147
Tajna Tanovic,525,0,6.255950111811627
Sincerely A. Ward,67041,0,11.07673493310919
Jennifer Weston,1011,0,7.106955016237663
Zachary Levi,1623027,0,13.972092748807043
Mandy Moore,5558448,0,16.395252907533266
Donna Murphy,37700,0,10.624936929086234
Ron Perlman,1013315,0,14.264222083682135
Brad Garrett,91099,0,11.540318540043144
Paul F. Tompkins,223302,0,11.872394985397829
Richard Kiel,290,0,5.887054283942335
Delaney Rose Stein,3933,0,8.211993238006023
Nathan Greno,55381,0,10.974876081963005
Tim Mertens,78,0,4.509263510025883
Robert Downey Jr.,57288924,0,17.986933932326675
Chris Hemsworth,57646819,0,18.02070547272077
Mark Ruffalo,20536206,0,16.293187078340836
Chris Evans,3905530,0,15.218326139969472
Scarlett Johansson,4060201,0,14.970928544035138
Jeremy Renner,21197707,0,16.387749809399995
James Spader,73293,0,10.931083231834927
Samuel L. Jackson,8235263,0,16.20564566708785
Don Cheadle,926150,0,12.669729155214705
Aaron Taylor-Johnson,903896,0,12.36160610310325
Cobie Smulders,2169576,0,14.759892607915727
Anthony Mackie,2942083,0,15.18701297547946
Hayley Atwell,1952994,0,15.491153401090012
Idris Elba,6399057,0,15.570835477734313
Linda Cardellini,695454,0,12.495213763997057
Claudia Kim,357961,0,13.029777664232407
Thomas Kretschmann,33192,0,10.594609151822382
Andy Serkis,332414,0,11.574700731905175
Julie Delpy,116451,0,11.323198042844925
Henry Goodman,630,0,6.2074771596711225
Chris Luca,13040,0,9.745230479074737
Brian Schaeffer,445,0,6.010088748683264
Dominique Provost-Chalkley,286173,0,12.625341569411036
Isaac Andrews,10739,0,9.44249889157129
Bentley Kalu,9856,0,9.163142023024914
Julian Bleach,35,0,3.489415133149783
Christopher Beasley,6113,0,8.265309829090912
Vuyo Dabula,475443,0,13.373010199182755
Nondumiso Tembe,10430,0,9.326977017039598
Mandla Gaduka,30704,0,9.948052552025356
Antony Acheampong,153,0,4.4417200490074045
Ben Sakamoto,92,0,4.2375464245431465
Ingvild Deila,4137,0,8.537364136574917
Earl T. Kim,1723,0,6.981942359921359
Arthur Lee,1804,0,7.486239485083321
Alma Noce,63450,0,10.52541156003695
Constanza Ruff,1086,0,7.000359382460298
Tony Christensen,1390,0,7.010390640825274
Ian Kay,2715,0,8.273567012177926
Aaron Himelstein,960,0,7.115300674237244
Kerry Condon,42150,0,9.94685875705
Josh Brolin,3354464,0,14.960836313811566
Daniel Westwood,917,0,6.67019470189541
Daniel Radcliffe,3392012,0,14.923777635957611
Rupert Grint,5043900,0,14.214577146973232
Emma Watson,75037605,0,17.91985502203676
Tom Felton,12094854,0,15.872393777322957
Michael Gambon,3634,0,8.416862276199543
Jim Broadbent,153902,0,11.854262434148431
Helena Bonham Carter,106995,0,10.833651972989903
Robbie Coltrane,22483,0,9.15175074760395
Maggie Smith,101312,0,11.703577816411944
Alan Rickman,109237,0,11.585639971081203
Timothy Spall,43,0,3.6235571921148946
David Thewlis,347382,0,11.820740143741006
Julie Walters,13872,0,9.37669164601945
Matthew Lewis,2516821,0,15.131547194877195
Evanna Lynch,4043842,0,14.985696170834974
Bonnie Wright,3984624,0,15.416216373221253
Oliver Phelps,2493327,0,14.544545096704995
James Phelps,2662362,0,15.191699453517545
Mark Williams,88458,0,11.179470313010013
Warwick Davis,128277,0,10.49725568997475
Natalia Tena,152335,0,11.973063202448158
Katie Leung,367578,0,12.115510185755726
Geraldine Somerville,1495,0,7.316969282999148
Helen McCrory,13310,0,9.344082256810418
Freddie Stroma,32560,0,10.819952571893067
David Bradley,1062,0,6.612889252166834
Frank Dillane,10657,0,9.679979273573752
Hero Fiennes-Tiffin,7611497,0,16.210808878887594
Gemma Jones,22916,0,9.858858167598573
Afshan Azad,176704,0,11.518430183755893
Shefali Chowdhury,810,0,6.507291342258217
Georgina Leonidas,5745,0,8.898904474565892
Devon Murray,173353,0,12.865074228169764
Anna Shaffer,160786,0,12.880582275943793
Josh Herdman,136615,0,12.00866110679733
Jamie Waylett,1029,0,6.744853282326221
Scarlett Byrne,12026,0,9.554154786473454
Louis Cordice,40553,0,10.338088716006366
Alfie Enoch,371375,0,12.42304844747848
Robert Knox,24659,0,10.158903623448024
William Melling,1033,0,6.984661697770196
Paul Ritter,6305,0,8.602161288390661
Suzanne Toase,410,0,6.3041205797473365
Rod Hunt,4152,0,8.601026130746865
Elarica Gallacher,430350,0,13.275260184448511
Ben Affleck,24752,0,9.770981721010074
Henry Cavill,26776321,0,16.342277391410402
Gal Gadot,109557155,0,19.86471992036954
Amy Adams,940520,0,13.996020073094185
Jesse Eisenberg,12612,0,8.625661581683165
Diane Lane,516,0,6.451603380962366
Jeremy Irons,18417,0,9.802642924045921
Laurence Fishburne,17661,0,9.903990394610522
Holly Hunter,562,0,5.905314113318173
Scoot McNairy,1119,0,6.340099298326419
Callan Mulvey,2035,0,7.68812370371884
Tao Okamoto,151608,0,12.186647516433519
Jena Malone,367865,0,12.56476066343221
Brandon Spink,23709,0,10.497300944677288
Lauren Cohan,4666256,0,14.439845734013758
Hugh Maguire,340,0,5.662055960973016
Michael Cassidy,2055,0,7.8164269634493895
Alan D. Purwin, ,0,
Dan Amboyer,97353,0,11.220628747602904
Rebecca Buller,5576,0,8.978310333498547
Harry Lennix,191575,0,12.305966000631331
Christina Wren,16537,0,9.721233732785317
Jade Chynoweth,2014144,0,12.996788263805104
Kevin Costner,1158725,0,13.594563307762701
Ezra Miller,37967,0,10.633853285614236
Patrick Wilson,528586,0,14.156290702245128
Michael Shannon,11116,0,8.635135682618396
Charlie Rose,127569,0,11.366544443500045
Vikram Gandhi,5316,0,8.567647520204485
Andrew Sullivan,2862,0,7.3414421509402565
Neil deGrasse Tyson,2006574,0,14.69327000471064
Jon Stewart,481778,0,12.701096915269824
Soledad O'Brien,533656,0,12.690025793656131
Dana Bash,133575,0,12.09686348019741
Nancy Grace,176708,0,11.144008139129612
Anderson Cooper,4113587,0,14.92805552196927
Brooke Baldwin,213068,0,11.886280955054598
Carla Gugino,830682,0,14.524361618928245
Jason Momoa,17124575,0,17.00431646206232
Joe Morton,92901,0,11.684494060564854
Ray Fisher,268091,0,12.175289512927806
Joseph Cranford,57,0,4.1001533079139785
Emily Peterson,2955,0,7.542135147184742
Jeffrey Dean Morgan,5446934,0,15.95521686935388
Sammi Rotibi,57472,0,11.36331284183764
Tiffany L. Addison,1133,0,7.35277244868625
Owais Ahmed,2483,0,8.12532191140454
Tiffany Bedwell,798,0,6.653421275349794
Jeff Dumas,689,0,6.60709696256296
Miriam Lee,2289,0,7.7951694441990105
Stephanie Koenig,30978,0,11.107046643670865
Ripley Sobo,10605,0,8.809928375367804
Richard Burden,478,0,6.2623907941221475
Wunmi Mosaku,107686,0,12.527883971618392
Kiff VandenHeuvel,4544,0,8.63217650152504
Mason Heidger,1173,0,6.892556874752135
Sebastian Sozzi,2001,0,7.833965881269385
Ralph Lister,7287,0,8.907948767087866
Jay Towers,48716,0,9.722166778506596
Michael Ellison,3850,0,8.450063075428902
Rashontae Wawrzyniak,273,0,5.522686477623372
Tom Luginbill,4014,0,8.447624112030423
Dave Pasch,170,0,4.776284403443525
Danny Mooney ,32726,0,9.923999773242656
Nicole Forester,2291,0,7.912066214950948
Debbie Stabenow,6303,0,8.504054992764097
Milica Govich ,12787,0,9.135157744632467
Jonathan West,1102,0,6.840505497802679
Chris Newman,2392,0,7.825715566102697
Lulu Dahl,95,0,4.628829714047089
Sam Logan Khaleghi,902,0,6.919226765945789
Connie Craig,6418,0,8.678435107438718
Albert Valladares,15154,0,9.811634532251155
David Paris,1346,0,7.146104678743575
Abigail Kuklis,1241,0,7.3556519821469095
Steve Jasgur,922,0,6.843113901819913
Jonathan Stanley,4491,0,8.510246867901229
Jesse Nagy,302,0,5.773178962620747
Robin Atkin Downes,8625,0,9.581798133578964
Issac Ryan Brown,524644,0,13.096102053110137
Bailey Chase,219972,0,11.90179593446174
C.T. Fletcher,2616767,0,14.095179681433317
Jalene Mack,12614,0,9.783511063757306
Nene Nwoko,11026,0,9.4675137349646
Alma Martinez,287,0,5.969234828158803
Ele Bardha,2559,0,7.592304256262412
Inder Kumar,5005,0,8.242100229426338
Brandon Bautista,9908,0,9.250250512643216
Laura Atwood,1339,0,7.074811682184533
David Leach,1330,0,7.048796560674307
Gordon Michaels,1238,0,7.570982852957927
Brian Boland,17873,0,9.544392492992861
Nicole Santini,822,0,6.843984380471814
Dante Briggins,3,0,1.1142223350914777
Joe Cipriano,2233,0,7.267711284016856
Will Blagrove,29788,0,11.060135968394881
Brandon Routh,1136232,0,13.609319137385945
Kevin Spacey,602389,0,13.522010172472555
Kate Bosworth,1001618,0,13.324374630244355
James Marsden,1691069,0,14.43558404464233
Parker Posey,128533,0,12.09343920234585
Frank Langella,637,0,6.884223225969471
Sam Huntington,38332,0,10.667251279043318
Eva Marie Saint,598,0,6.347505059964891
Kal Penn,396586,0,12.073259944919934
Tristan Lake Leabu,16048,0,9.410581858766673
David Fabrizio,125,0,5.321945232258291
Ian Roberts,20455,0,9.784582382625766
Vincent Stone,1103,0,6.886891147288394
Keegan Joyce,53147,0,11.293736184202809
Jordana Beatty,6409,0,8.09792766749827
Olga Kurylenko,819071,0,12.93264705938007
Giancarlo Giannini,1771,0,7.380917807345972
Gemma Arterton,70633,0,10.97821422441861
David Harbour,9512805,0,14.358369380677715
Anatole Taubman,694,0,6.412166723206276
JoaquÃ¢ËÅ¡Ãâ°Ã¢Ëâ ÃÂ­Ã¢ËÅ¡Ãâ¡ÃÂ¬Ã¢â°Â n Cosio,290439,0,
Glenn Foster,4604,0,8.097205068051748
Stana Katic,607332,0,13.533334337187508
Lucrezia Lante della Rovere,71576,0,11.44662440525548
Neil Jackson,28903,0,9.884277246305867
Oona Chaplin,108872,0,10.971642018992616
Rachel McDowall,274,0,5.433419830122765
Aaron King,886,0,6.525234118989887
Brandon Jovanovich,2282,0,7.911011721476313
JesÃ¢ËÅ¡Ãâ°Ã¢Ëâ ÃÂ­Ã¢ËÅ¡Ãâ¡ÃÂ¬Ã¢ËÂ«s Ochoa,48813,0,
Simon Kassianides,30506,0,10.348347276476074
Alex Norton,998,0,6.906469195166567
Matt O'Leary,7343,0,8.637468232855955
Leon Rippy,89,0,4.540808808906619
Harry Treadaway,2122,0,7.366008382220366
Damon Herriman,11780,0,9.84423264213808
Rance Howard,593982,0,13.047492088084352
Leonard Earl Howze,1762,0,7.42470555401808
Travis Hammer,160,0,5.256476447288806
Steve Corona,1036,0,6.9002735742147445
Jack Axelrod,120,0,4.941788518407438
Christopher Hagen,176,0,5.094557823506814
Freda Foh Shen,43,0,3.617708342671042
Margaret Bowman,361,0,5.523942917824906
CiarÃ¢ËÅ¡ÃÂ°n Hinds,419,0,
Michael Papajohn,2819,0,8.26838108021552
Timothy Patrick Quill,3905,0,8.328716427304624
Edward Padilla,2874,0,8.287715307244332
Ramon Adams,465,0,6.092633523832226
Giovanni Ribisi,4021,0,8.459925083566006
David Van Horn,166,0,5.132188591413312
Carvon Futrell,3697,0,8.300845454538978
Anthony Ingruber,8861,0,9.300323562984868
Stellan SkarsgÃ¢ËÅ¡Ã¢â¬Â¢rd,11058,0,
Mackenzie Crook,24,0,3.126947440923329
David Bailie,589,0,6.351120411183124
LÃ¢ËÅ¡ÃÂ©a Seydoux,100548,0,
Ben Whishaw,28115,0,10.203452612526181
Mathieu Amalric,863,0,6.730436381593555
Sujeilee Candele,609,0,6.263438762872137
Crystal Marie Denha,138473,0,11.35111889887781
Natalie Fabry,2118,0,7.717632006002293
Logan Fry,273,0,5.714660936494334
Kevin Fung,230,0,5.5448723596052165
Claude Jay,743,0,6.576681086401047
Andrew James Jones,1061,0,7.022540748497948
Natalie Jones,8155,0,8.762451418105657
Christopher Jude,1055,0,7.576518020956604
Brittany Krall,88,0,4.6344343208065055
Linda Lee,724,0,6.469014840431681
Sandrine Marlier,1343,0,6.981506440973882
Martha Millan,3829,0,7.471614663116133
Robert Myers,106894,0,11.259825539901959
Jen Oda,3064,0,7.812338084209237
Anjelia Pelay,7200,0,9.257893368984607
Trenton Willey,476,0,6.524821462566643
M.C. Gainey,398220,0,13.338366308833756
Jeffrey Tambor,955,0,6.345419679180176
Elizabeth Olsen,364398,0,12.949541758021487
Paul Bettany,2242726,0,14.30861946519568
Imogen Poynton,4778,0,8.712951906761054
Dave Legeno,12095112,0,16.784805627607913
Jessie Cave,208724,0,11.784312534083112
Ralph Ineson,8879,0,9.481665222857115
Dennis North,8017,0,8.89994934307867
Kent Shocknek,1204,0,7.3609089735566675
Ahman Green,21017,0,10.257534277425897
Sal Lopez,4660,0,8.731023399423409
Marlon Brando,189357,0,11.891395225928893
Jack Larson,770,0,6.8880149508884765
Noel Neill,472,0,6.646114549469501
Jeffrey Wright,140330,0,12.33746705541567
JoaquÃ¢ËÅ¡Ã¢â°Â n Cosio,290294,0,
Sarah Hadland,36201,0,10.251621678712786
JesÃ¢ËÅ¡Ã¢ËÂ«s Ochoa,48808,0,
Clive Ashborn,4496,0,8.730309141296235
Christopher Adamson,158,0,5.176020723941456
Max Baker,9063,0,8.873996193396595
Steve Speirs,1389,0,7.50820491651057
Jonathan Kite,107307,0,10.49309243028171
Armie Hammer,1170139,0,13.329368119551585
William Fichtner,25599,0,10.241510434744542
James Badge Dale,36125,0,9.849724317044705
Tom Wilkinson,4734,0,8.641404001667604
Ruth Wilson,7653,0,8.02012631195084
Barry Pepper,1317,0,7.46737162312707
James Frain,5444,0,8.574021446274292
Mason Cook,75979,0,11.284705192573998
W. Earl Brown,6997,0,8.29892227668301
Gil Birmingham,72909,0,9.539352973870962
Stephen Brodie,301,0,5.683499724545648
Matthew Page,1946,0,7.790896995173823
Bryant Prince,4233,0,7.863337120809075
JD Cullum,314,0,5.901545635451294
Timothy V. Murphy,41538,0,10.109863646494421
Damon Carney,234,0,5.1502180882725375
Kevin Wiggins,961,0,6.622556422333009
Robert Baker,63866,0,10.8705731928455
Lew Temple,2837,0,8.372644820067544
Stephen Root,550,0,6.604897780412257
Randy Oglesby,445,0,5.995822151022483
Brad Greenquist,1388,0,7.403530406202041
Chad Randall,2192,0,7.423354573247998
Beth Bailey,296,0,5.4447213131736
Joanne Camp,5801,0,8.207680911563534
Tait Fletcher,109249,0,11.068336192352737
Alex Knight,4002,0,8.178415098532165
Pokey Lafarge,44683,0,9.679249150977897
Joey Glynn,1566,0,7.19992920923272
Adam Hoskins,6388,0,8.573679266781145
Ryan Koenig,618,0,5.975180308771068
Russell Crowe,1184757,0,14.351715059446025
Antje Traue,140113,0,11.905663782437108
Christopher Meloni,1059472,0,13.39906073015283
Jadin Gould,850,0,6.4842345085792985
Tahmoh Penikett,23338,0,10.164593030366731
Ayelet Zurer,74301,0,10.492176321360938
Richard Schiff,154987,0,10.59715393813029
Dylan Sprayberry,3504315,0,14.09441996621794
Michael Kelly,111493,0,11.377863864200423
Richard Cetrone,19066,0,9.7787023910364
Mackenzie Gray,1703,0,7.763915701051967
Julian Richings,105227,0,12.066795383592758
Mary Black,28504,0,10.291086167874276
Samantha Jo,292612,0,12.447312125751624
David Lewis,3153,0,8.382520101342273
Doug Abrahams,200,0,5.393392537908976
Brad Kelly,895,0,6.590238940489927
Alessandro Juliani,6359,0,8.64927413621139
Jack Foley,31679,0,10.63070083133336
Jacqueline Scislowski,84713,0,10.990696980697905
Sean Campbell,957,0,7.016519689277008
Ben Barnes,2210192,0,14.248049569915882
William Moseley,552062,0,12.280789260872389
Anna Popplewell,39823,0,11.510236219199047
Georgie Henley,382917,0,12.32722358923111
Sergio Castellitto,19641,0,9.770992982242843
Alicia Borrachero,23981,0,9.775491199400665
Peter Dinklage,4260469,0,15.154572115046824
Vincent Grass,702,0,6.766184253115465
Pierfrancesco Favino,893069,0,13.194535018111695
DamiÃ¢ËÅ¡ÃÂ°n AlcÃ¢ËÅ¡ÃÂ°zar,4878,0,
Predrag Bjelac,9084,0,9.050523038097523
Shane Rangi,3605,0,8.313748801420044
Cornell John,771,0,6.936628623232623
Ken Stott,128,0,4.9419825767633245
Tilda Swinton,64591,0,10.627499076617696
Eddie Izzard,301613,0,12.654253218721756
KlÃ¢ËÅ¡ÃÂ°ra IssovÃ¢ËÅ¡ÃÂ°,34547,0,
Tom Hiddleston,10803402,0,17.1459467847925
Clark Gregg,1160831,0,14.319224140229077
Gwyneth Paltrow,8396864,0,15.697094554299234
Jenny Agutter,15797,0,9.052150105682216
Walter Perez,2679,0,8.069533034335468
Powers Boothe,4501,0,8.39943950981133
Arthur Darbinyan,70,0,4.2972691757913095
Donald Li,689,0,6.524680118345569
Ashley Johnson,1219861,0,13.78269985751084
Harry Dean Stanton,492,0,6.400179698126582
Alicia Sixtos,33857,0,10.403472343096619
Jamie McShane,289,0,5.100370075067251
Jeff Wolfe,2998,0,7.861215117610016
Jerzy Skolimowski,1625,0,5.867679743044049
Maximiliano HernÃ¢ËÅ¡ÃÂ°ndez,2033,0,
Alexis Denisof,78651,0,11.804133605139924
James Eckhouse,7386,0,9.058081222411797
Enver Gjokaj,57162,0,11.166486610143174
Damion Poitier,12508,0,8.809410316036619
Rashmi Rustagi,4071,0,8.660227955858424
Warren Kole,39388,0,10.793251199754504
Jesse Garcia,36183,0,10.762993895775642
Kenneth Tigar,7256,0,9.238271746560402
Josh Cowdery,3538,0,8.464575771219046
Robert Clohessy,2771,0,7.265956242156239
Fernanda Toker,83,0,4.230775665574667
Andrea Vecchio,4487,0,8.314141993352699
Robin Swoboda,3485,0,8.134923295899403
Brent McGee,263,0,5.9002879897287634
Michael Zhang,1421,0,7.119940055466615
Kelley Robins,1588,0,7.333927372582407
Romy Rosemont,18094,0,10.072151119290435
Pat Kiernan,13700,0,9.698906615614183
Thomas Roberts,50311,0,10.21532942128671
Jillian Morgese,714,0,6.612423515262455
Catherine Anderson,1834,0,7.351534852642299
Ricardo Andres,837,0,7.4477009729537125
Logan Bennett,923,0,7.084492855348401
Mayank Bhatter,236,0,5.397149746538937
Layla Cushman,5779,0,8.617752136125851
Robert Dean,15648,0,9.861873655056657
Jeffrey Feingold,68,0,4.284477759175651
Lou Ferrigno,323012,0,13.153502404486801
Eric Frank,1389,0,7.058120513433762
Israel Hall,242,0,5.798759343640851
Annette Lawless,5453,0,8.785454477280545
Michael McMillan,22803,0,10.135447915529262
Sean Meehan,447,0,6.2931698624168835
Jeremy Orr,424,0,5.992169087771702
Jaime Powers,532,0,6.113547674507792
Gina Sarno,754,0,6.377559332764084
Colin Strause,30,0,3.2870912768733604
George Thomas,10254,0,9.237563302358826
Shane Thompson,1871,0,7.8253700000586175
Tai Urban,9883,0,8.909401628847217
Sandra Weston,996,0,6.541260741455978
Tina Grimm,375,0,5.960487675606804
PenÃ¢ËÅ¡ÃÂ©lope Cruz,6807188,0,
Ian McShane,2427,0,8.107497639032257
Sam Claflin,4050553,0,14.45630115782169
Astrid BergÃ¢ËÅ¡ÃÂ®s-Frisbey,174276,0,
Stephen Graham,312408,0,12.676273522850765
Ã¢ËÅ¡ÃÂ¬scar Jaenada,288671,0,
Richard Griffiths,5715,0,9.006278147053157
Gemma Ward,183669,0,12.685830351340794
Ian Mercer,966,0,7.3373209752406146
Robbie Kay,449586,0,12.78655514099105
Christopher Fairbank,1874,0,7.764487141482113
Yuki Matsuzaki,3438,0,8.044954497739113
Steve Evets,46387,0,10.636332125297038
Bronson Webb,4450,0,8.903371077959665
Derek Mears,23107,0,10.898226933997414
Deobia Oparei,10251,0,9.275366339002458
Sebastian Armesto,434,0,6.269564643587843
Anton Lesser,86,0,4.188986826426278
Roger Allam,285,0,5.906672293142631
Paul Bazely,554,0,6.244396829786821
Richard Thomson,15858,0,9.446013160679758
Luke Roberts,22185,0,10.301241491761903
Emilia Jones,685404,0,12.338594608908084
Sanya Hughes,1003,0,6.633236829486437
Will Smith,64484364,0,18.282067199286114
Tommy Lee Jones,2067,0,8.250401452404294
Michael Stuhlbarg,0,0,0.0
Emma Thompson,30247,0,9.568824972979598
Jemaine Clement,2386,0,7.573764274340056
Nicole Scherzinger,6005704,0,15.638583466623338
Bill Hader,240070,0,12.581260378376488
Michael Chernus,11446,0,9.438426690419417
David Rasche,894,0,7.004452988125191
Keone Young,1636,0,7.998393036070727
Cayen Martin,5210,0,8.581820949108966
Mike Colter,352250,0,12.138527793678278
Will Arnett,514432,0,13.585083901109284
Kelvin Davis,27711,0,10.659663710736451
Dan Bittner,473,0,6.076204395609966
Martin Freeman,29178,0,9.956718609915209
Ian McKellen,2341347,0,14.883149374963846
Richard Armitage,205800,0,12.308526763892267
Graham McTavish,640746,0,14.416165387032638
William Kircher,687,0,6.478038261924517
James Nesbitt,5760,0,8.313574290455453
Evangeline Lilly,2510368,0,14.024957008170787
Lee Pace,457892,0,13.566211904845513
Christopher Lee,173510,0,12.096431496489421
Ian Holm,18195,0,10.11680145488391
Mikael Persbrandt,285617,0,13.71291275039898
Sylvester McCoy,7432,0,9.310309861821919
Luke Evans,3624389,0,13.488999465219798
Stephen Fry,744967,0,13.726489989201013
John Bell,257680,0,12.53378294818625
Ryan Gage,4072,0,8.127598794269595
Peggy Nesbitt,8427,0,9.148928567649667
Mary Nesbitt,644,0,6.353813714275599
Manu Bennett,388348,0,12.560851905717518
John Tui,20641,0,9.606863839633126
Benedict Cumberbatch,41739,0,10.283634541059586
Sarah Peirse,11,0,2.336638116249572
Nick Blake,236,0,5.405979468266516
Simon London,6862,0,8.863675924860356
Allan Smith,567,0,6.495937868155357
Miranda Harcourt,8274,0,8.895385826382768
Thomasin McKenzie,405091,0,12.530137729266682
Andrew Garfield,1045840,0,13.638493977144392
Emma Stone,28093,0,11.151729125704987
Rhys Ifans,4970,0,7.700550334315742
Denis Leary,93611,0,10.966088846975433
Campbell Scott,229924,0,12.20696631496815
Irrfan Khan,617926,0,13.356189506857564
Martin Sheen,318,0,5.769128239682104
Max Charles,22012,0,10.481793564598348
Chris Zylka,11304,0,9.38527758403048
Embeth Davidtz,40896,0,10.841459462575084
Leif Gantvoort,2436,0,7.969600535509031
Hannah Marks,88542,0,12.05352455053415
Kelsey Asbille,378398,0,10.705686255135358
C. Thomas Howell,109532,0,11.787595316539159
Michael Massee,4,0,1.3939705406999472
Kari Coleman,666,0,6.52322679534984
Skyler Gisondo,266704,0,13.168096602325795
Jacob Rodier,1727,0,7.444407810546254
Jake Keiffer,56,0,4.1773627093342105
Kevin McCorkle,1648,0,7.241854398804421
Barbara Eve Harris,4827,0,8.573653811797689
Danielle Burgio,4727,0,8.30310636729201
Michael Barra,1952,0,7.540616920145508
Andy Pessoa,85,0,4.627249590535047
Tom Waite,96641,0,11.485688371882093
Keith Campbell,858,0,6.567990150417429
Steve DeCastro,1932,0,8.10001228040399
James Chen,16436,0,9.72078305679891
Alexander Bedria,601,0,6.5038181117392
John Burke,3268,0,8.059189109868429
Jill Flint,56836,0,10.830166011256702
Mark Daugherty,1984,0,7.443270619859355
Vincent Laresca,62350,0,11.56695366759362
Damien Lemon,16266,0,9.478199150480314
Tia Texada,2566,0,7.963465738581673
Jay Caputo,178,0,5.183257360739486
Terry Bozeman,2691,0,7.557154598268286
Jennifer Lyons,20521,0,10.429322698202173
Amber Stevens,146630,0,11.518374034017034
Zoey Deutch,3299785,0,13.376286553891834
Max Bogner,328,0,5.992230365957536
Ethan Cohn,1075,0,6.787413210980646
Miles Elliot,2647,0,7.8785330653524035
Amanda MacDonald,4426,0,8.793686793166431
Maury Morgan,29484,0,10.37902848979998
Kristin Quick,1062,0,7.294549651261919
Max von Sydow,117,0,4.908887063260885
William Hurt,616,0,5.837971661672055
Oscar Isaac,108976,0,11.522706708615315
Danny Huston,16130,0,9.20933767914083
Eileen Atkins,779,0,6.756224240484046
Mark Addy,6904,0,7.895990181736616
Matthew Macfadyen,13772,0,9.781374210152295
Kevin Durand,78749,0,10.953946523293517
Scott Grimes,50732,0,11.514765786314559
Alan Doyle,60466,0,9.730930478327155
Douglas Hodge,453,0,6.2663580946465025
Jonathan ZaccaÃ¢ËÅ¡ÃË,297,0,
Robert Pugh,651,0,6.784972044029399
Velibor Topic,299,0,5.523497677854668
Ciaran Flynn,1884,0,7.0495882576082245
Simon McBurney,134,0,4.727824287825918
Mark Lewis Jones,7651,0,9.67083190514295
Denis MÃ¢ËÅ¡ÃÂ©nochet,242,0,
Ruby Bentall,14881,0,9.408976222683462
Jessica Raine,11618,0,9.160519388616988
John Nicholas,1152,0,6.810209004816094
Roy Holder,413,0,5.8759568400060465
Denise Gough,6769,0,8.0549770478098
Arthur Darvill,247469,0,12.32768398650642
Giannina Facio,2958,0,7.664415140942393
Jake Curran,651,0,6.472479225993456
Stephen Colbert,705400,0,12.595679514308147
Ben Mitchell,165708,0,11.630019944998153
Dakota Blue Richards,86101,0,11.486090771340681
Nicole Kidman,9854995,0,16.371386187050888
Sam Elliott,6080,0,8.835200441576655
Eva Green,1324393,0,13.381891580382495
Freddie Highmore,189938,0,11.905235626837328
Ben Walker,83617,0,11.331511138203814
Kristin Scott Thomas,95774,0,10.784379127546844
Kathy Bates,4164,0,8.418920581690537
Jim Carter,944,0,6.811318448174325
Tom Courtenay,1780,0,7.341647974264191
Jack Shepherd,392109,0,12.556105589058857
Magda Szubanski,256426,0,12.823161257854414
Derek Jacobi,33367,0,11.1426333461527
Clare Higgins,1235,0,7.439472540616471
Hattie Morahan,731,0,6.491085352274449
Jason Watkins,13381,0,9.603280842125363
Sam Hoare,1585,0,7.6219210728008555
Brian Nickels,1317,0,7.256289362001505
Thomas Arnold,4313,0,8.368198779725242
Naomi Watts,1876887,0,14.323649415628779
Jack Black,11406958,0,16.05961113893737
Adrien Brody,927055,0,13.697136701930818
Colin Hanks,510933,0,12.056789194627454
Evan Parke,3730,0,8.710914909675433
Jamie Bell,20026,0,10.282282651589963
John Sumner,838,0,6.070708270534338
Craig Hall,7370,0,9.172846252029553
Kyle Chandler,9078,0,8.624172433872905
William Johnson,2656,0,7.656448750664655
David Pittu,1406,0,7.466662022990892
Geraldine Brophy,120,0,4.891349676129018
David Dennis,4157,0,8.349354079970457
Jim Knobeloch,50,0,3.884004120554103
Lee Donahue,1162,0,7.222055117671207
Tom Hobbs,2960,0,7.645119707676571
William Wallace,525,0,6.254005189566922
Richard Kavanagh,27630,0,10.512236991578764
Stephen Hall,1197,0,7.163718162562738
Joe Folau,258,0,5.406005373281869
Samuel Taylor,2158,0,7.7376777474113645
Kate Winslet,1457981,0,13.399724563742573
Leonardo DiCaprio,61878062,0,18.155003354069105
Frances Fisher,61352,0,10.919768994392435
Billy Zane,144956,0,11.625299261878334
Gloria Stuart,32,0,3.518113992914437
Bill Paxton,830,0,6.962041444365166
Bernard Hill,403,0,6.18371677303322
David Warner,10502251,0,16.276413597674384
Victor Garber,416450,0,13.12838684351184
Jonathan Hyde,2446,0,8.032795618728578
Suzy Amis,18734,0,9.846235451433731
Nicholas Cascone,280,0,5.634995776637185
Danny Nucci,60525,0,11.12284163148023
Jason Barry,4552,0,9.176574957146196
Eric Braeden,111455,0,11.731955811626843
Bernard Fox,507,0,6.0838903731781295
Ewan Stewart,133,0,4.940232586039038
Ioan Gruffudd,101807,0,11.668130823630399
Jonny Phillips,2049,0,7.604799816984379
Edward Fletcher,2098,0,7.713113798039766
Scott G. Anderson,503,0,6.108563252104277
Martin East,150,0,4.872008797271872
Gregory Cooke,365,0,6.131698104164744
Alexandrea Owens,19932,0,9.487311705437893
Seth Adkins,805,0,6.403745890621509
Michael Ensign,224,0,5.484267753236107
Martin Hub,1086,0,6.755741754291145
Mark Lindsay Chapman,414,0,5.6458272750577585
Richard Graham,149,0,4.834323200396797
Paul Brightwell,204,0,5.412106678156887
Charlotte Chatton,1282,0,7.309106953986827
Fannie Brett,4118,0,7.587546054238675
Jenette Goldstein,4670,0,8.093917949374584
Camilla Overbye Roos,10,0,2.33300838924537
Linda Kerns,90,0,4.440064298236805
Amy Gaipa,95,0,4.655669433883377
Martin Jarvis,315,0,5.595947972020633
Rosalind Ayres,941,0,6.760371576682799
Rochelle Rose,1290,0,7.35268485168107
Brian Walsh,2634,0,7.555098953217455
Rocky Taylor,709,0,7.1490442493629685
Craig Kelly,31209,0,9.887831490496039
Liam Tuohy,2755,0,7.665053096807581
Simon Crane,242,0,5.366811522837803
James Lancaster,8520,0,8.899003918041695
Elsa Raven,51,0,4.067851041815086
Laramie Landis,1619,0,7.361763525616611
John Walcutt,24,0,3.146870599182148
Derek Lea,484,0,6.467252055354834
Richard Ashton,1124,0,6.963166323360977
Brendan Connolly,596,0,6.535985322544758
Richard Fox,563,0,6.139392024268523
Mark Capri,137,0,5.117670657146467
Marc Cass,24,0,3.0821986320777226
Paul Herbert,803,0,6.679794311662589
Emmett James,98129,0,11.281840589934275
Chris Byrne,1057,0,7.126939728395097
Oliver Page,1223,0,6.963020768736856
James Garrett,627,0,6.464511994685915
Erik Holland,195,0,5.039992286538266
Tricia O'Neil,164,0,5.17713912922575
Van Ling,153,0,5.259620380797567
Shay Duffin,44,0,4.001749961029243
Diana Morgan,1807,0,7.770023037250831
Kris Andersson,64,0,4.211198445222748
Anne Fletcher,87,0,4.399626767391293
Scott Hislop,135,0,4.894874454409161
Ellie Bensinger,244,0,5.671570950889447
Alexandra Boyd,327,0,5.977170130656969
Mike Butters,204,0,5.350365608286529
James Cameron,651643,0,13.08331183602891
Thomas Fiss,5350,0,9.236901026177758
Tony Kenny,286,0,5.597786646224989
Sean Lawlor,876,0,6.976656217335511
Don Lynch,1960,0,7.685075256246788
Johnny Martin,9397,0,8.789079568605288
Ryan McClurkin,874,0,6.874852948533139
Mike O'Neal,369,0,5.931887527993406
Steven Quale,347,0,6.124965230146036
Olivia Rosewood,961,0,6.847019761775503
John Slade,28263,0,9.82041565457465
Stephen Wolfe Smith,545,0,6.244648852523235
Lucie Zolcerova,160,0,5.064836655946294
Sebastian Stan,8840968,0,15.17224929129252
Chadwick Boseman,12351421,0,14.801529608091151
Paul Rudd,194911,0,11.804890033480417
Emily VanCamp,1347030,0,13.965119559753397
Tom Holland,66491098,0,17.66459013871676
Frank Grillo,635021,0,13.164473830060533
Daniel BrÃ¢ËÅ¡ÃÂºhl,822093,0,
John Slattery,598,0,6.533251461105387
Marisa Tomei,2219158,0,14.649352231105055
John Kani,422,0,5.6273749326361395
Hope Davis,13178,0,8.754563616870627
Gene Farber,13357,0,10.027440007485135
Florence Kasumba,88207,0,10.427458235429324
Alfre Woodard,76673,0,11.097438692275851
Jim Rash,150242,0,11.285774320717604
Joe Russo,57180,0,10.983618562623805
Jackson Spidell,11110,0,9.325712827585615
Heidi Moneymaker,53286,0,10.899689477178612
Aaron Toney,120533,0,12.011680753706553
Cale Schultz,3877,0,8.577745441167917
Ann Russo,1352,0,7.453385625999567
Joshua Peck,16992702,0,17.324959533520346
Blair Jasin,785,0,6.652472833610491
David de Vries,1512,0,7.362531024836834
John Curran,4969,0,8.723667790980217
Katie Amess,996,0,6.517852785246046
Austin Sanders,291,0,5.900696274647015
Brett Gentile,156,0,5.181628603357773
Matthew Anderson,301221,0,13.177055294255533
Ernest Charles,12269,0,8.643304285236209
Nathaniel Ellis,28532,0,10.096812635738202
Justin Freeman,10134,0,9.56007037677801
Julian Grimes,800,0,6.8671542708525255
Aaron Hayes,896,0,6.6517271954476245
Austin Hooper,66421,0,10.982290822604357
Amiri Jones,234,0,5.570361183273125
Myles Joseph,1202,0,7.264427691960754
Stephen Lewis,3928,0,8.349266514709903
Stanley Sellers,103,0,4.931016775813708
Jacob Sung,120,0,5.06671489549373
Kim Scar,23,0,3.2856129185261405
Umar Khan,619364,0,13.461532016636513
David Brown,24067,0,10.193800510564131
Guy Fernandez,11062,0,9.550381252415836
Sophia Russo,120509,0,10.872506822051301
Amelia Morck,879,0,6.8679935779623085
Julianna Guill,42886,0,11.808956030790577
Surely Alvelo,986,0,6.896388896363616
Ray Sahetapy,48542,0,10.669242386404509
Alexander SkarsgÃ¢ËÅ¡Ã¢â¬Â¢rd,42412,0,
Rihanna,152641592,0,18.50139337774171
Brooklyn Decker,736746,0,14.062156694523564
Tadanobu Asano,290618,0,13.80305125772599
Gregory D. Gadson,71,0,4.278250764372533
Hamish Linklater,47781,0,11.813831244174946
Jesse Plemons,6114,0,9.12399631580651
Jerry Ferrara,750122,0,13.540530653367323
David Jensen,10391,0,9.281915322845773
Peter Berg,146082,0,12.711033256572215
Rico McClinton,1754,0,7.481360952471611
Stephen Bishop,130651,0,11.780859636080141
Rick Hoffman,1127297,0,16.44498839045118
Gary Grubbs,298,0,5.946855076646318
Rami Malek,120709,0,11.899222875021112
Peter MacNicol,399,0,5.9938188516598165
Louis Lombardi,9554,0,9.274089074220669
Jordan Kirkwood,352,0,5.708549712946288
Lloyd Pitts,10577,0,9.347301300728782
Natalia Castellanos,16818,0,8.968317542121788
Leni Ito,5645,0,9.05079694771928
Jackie Johnson,21937,0,9.604704861616051
Dante Jimenez,94,0,4.615940066015244
Ralph Richardson,59,0,3.916655961413312
Yutaka Takeuchi,1237,0,7.2032503353527675
Drew Rausch,1291,0,6.847434016872429
Chris Pratt,45529134,0,17.135974281672702
Vincent D'Onofrio,228341,0,12.3405517381581
Nick Robinson,1400135,0,14.42514076579585
Ty Simpkins,195100,0,13.004410465850746
Jake Johnson,1751609,0,15.107287770622833
Omar Sy,3042972,0,15.638976045681945
BD Wong,199772,0,12.088451414607881
Judy Greer,528383,0,12.343440944575939
Lauren Lapkus,490834,0,13.320578170490714
Brian Tee,290321,0,12.993196180382148
Katie McGrath,225397,0,12.593354379326572
Andy Buckley,116670,0,11.84526103912417
Eric Edelstein,8431,0,9.723784247394327
Jimmy Fallon,26457357,0,17.095243013168442
James DuMont,8094,0,8.950750992610214
Matt Burke,3782,0,7.986369756454959
Colin Trevorrow,51245,0,10.205741571316201
Courtney J. Clark,2682,0,7.621019508826873
Kelly Washington,33205,0,9.989611317073672
Matthew Cardarople,338865,0,13.166804645616892
Yvonne Angulo,243,0,5.506829102310514
Chloe Perrin,31852,0,10.755074484180891
Erika Erica,257,0,5.608058409881941
Tiffany Forest,2244,0,7.757093441855592
Javier Bardem,636223,0,14.15353725768166
BÃ¢ËÅ¡ÃÂ©rÃ¢ËÅ¡ÃÂ©nice Marlohe,39957,0,
Ola Rapace,21189,0,9.931897178703373
Bill Buckhurst,126,0,4.70262071485537
Elize du Toit,26,0,2.8727843320363706
Tonia Sotiropoulou,217513,0,12.13584722962085
Wolf Blitzer,276957,0,13.258149035444648
Jens HultÃ¢ËÅ¡ÃÂ©n,1459,0,
Orion Lee,2066,0,7.832045246176959
Yennis Cheung,201,0,5.439815317841353
Alfred Molina,6471,0,7.818282526641563
Scott Spiegel,115,0,4.964119971372554
Joel McHale,586996,0,13.744481323905188
Hal Sparks,105396,0,11.346910715814971
Donnell Rawlings,529027,0,13.34676245926405
Emily Deschanel,122163,0,11.19067795305467
Daniel Dae Kim,737807,0,13.537309851111122
Aasif Mandvi,45356,0,10.753487369630783
Joey Diaz,1753516,0,14.439558123595594
Vanessa Ferlito,23188,0,9.834771206567073
Joy Bryant,140130,0,12.10528034675108
John Landis,3527,0,8.493671810638551
Phil LaMarr,84656,0,11.59233118213228
Gregg Edelman,223,0,5.143839980367923
Christine Estabrook,61,0,4.18562978776837
Joanne Baron,3106,0,8.248367971136012
Peter McRobbie,41,0,3.7055553056475254
Marc John Jefferies,95036,0,12.110594430304737
Reed Diamond,3849,0,8.249930085092311
Brendan Patrick Connor,225,0,5.225459164010448
Dan Callahan,173,0,5.287511865015885
Susie Park,364,0,5.88406362597717
Brianna Brown,117451,0,11.640602254388371
Tom Carey,16546,0,8.67647162044579
Dan Hicks,6003,0,8.662345791413538
Tony Campisi,102,0,4.760211709258817
Molly Cheek,724,0,6.736539307838788
Kelly Connell,231,0,5.355628170736851
Roshon Fegan,488885,0,12.861103011946646
Taylor Gilbert,741,0,7.042201981161763
Timothy Jerome,152,0,5.282026032357606
Elyse Dinh,110,0,4.749410858068445
Anne Betancourt,44541,0,10.422171060625578
Tim Storms,2156,0,7.616748375431526
Bill Calvert,191,0,5.307300234338687
Chloe Dykstra,84461,0,11.474446829148281
Julia Max,11746,0,9.438017076014557
Calvin Dean,3749,0,8.077137235294495
Peter Cincotti,46952,0,10.901918123333099
Peyton List,20914317,0,15.960117181552727
Spencer List,511816,0,13.409224892762039
Troy Metcalf,1561,0,6.689438274117484
Scott Ross,12283,0,9.59627266569841
Bonnie Somerville,49939,0,10.702509176295278
Lou Volpe,223,0,5.396455163382863
David Boston,31311,0,10.172885390705776
Garrett Warren,53798,0,10.878310989105968
Michael Arthur,394415,0,12.918554016723544
Cindy Cheung,690,0,6.39534005653766
Guy Pearce,2798,0,7.4483567785983
Rebecca Hall,147725,0,11.512076741672498
Jon Favreau,2511380,0,13.549937137200386
Stephanie Szostak,59806,0,11.008586939756913
William Sadler,2909,0,8.190879904943948
Dale Dickey,300,0,5.332439390052833
Miguel Ferrer,132,0,4.936875956879261
Shaun Toub,46182,0,10.672490395550522
Josh Elliott,419,0,5.73152579634911
Megan Henderson,60641,0,10.768002239952997
Bill Maher,791360,0,13.530157900938491
Joan Rivers,287754,0,13.2122209808672
George Kotsiopoulos,114452,0,11.581283119444759
Ashley Hamilton,13489,0,9.585367255369055
Kim Dean,267,0,5.7063995930054245
Anthony Reynolds,230,0,5.368636698924018
Kendrick Cross,39452,0,9.692299539187974
Tom Clark,1908,0,7.48397649670311
John Eddins,100,0,4.622553803367601
Spencer Garrett,16480,0,9.9679540311439
Sarah Burkhardt,375,0,5.826374086097439
Jan Broberg,10728,0,8.523423747950867
Andrew Lauer,928,0,6.373084883336298
Nate Bynum,639,0,6.346016443634859
Andrew Lander,656,0,6.222255818984978
Tom Virtue,59,0,3.901711638232796
Bobby Tisdale,1470,0,7.446677081924329
Yvonne Zima,54,0,3.8063463654675407
Adam Pally,133336,0,10.89482995693263
Cullen Moss,90584,0,10.917885577265453
Rebecca Mader,676550,0,13.563854156137195
Kevin Arnold,18977,0,9.948061876270213
Adam Lytle,30778,0,10.255021034308841
Phil Ortiz,913,0,6.885742122510469
Gwendalyn Barker,1507,0,7.124332827564776
Steve Wilder,17558,0,10.303343990031738
Karina Florez,2397,0,7.796020288851288
Mike Massa,4409,0,8.533816834812457
Johanna Yunda,2968,0,7.8737454141766605
Wesley Thompson,31642,0,10.216963763970616
Jenna Ortega,39887276,0,15.316193288909389
Chad Kurtz,27,0,3.2517401597560003
Cal Johnson,497724,0,12.504396477955705
Corey Hawkins,122623,0,12.559862599004331
Linden Ashby,251545,0,12.672357784659965
Sarah Farooqui,1331,0,7.072651929474668
Sala Baker,9755,0,9.806019050047825
Nick Brandon,107854,0,12.100039924551135
Dan Brown,222433,0,12.087505422054083
Fernando Chien,23,0,3.16977810763166
Kiante Elam,6,0,1.8200483379199321
Colin Follenweider,933,0,6.514462746186575
Aja Frary,10180,0,8.935378506680639
Mark Ginther,854,0,7.089317118419242
Adrian Gonzalez,277887,0,13.553700811753165
Dennis Keiffer,854,0,6.992873064882593
Samuel Le,90207,0,11.236677768073063
Tara Macken,25106,0,9.889424609157668
Jade Quon,2297,0,8.437205095353908
Philip J Silvera,8370,0,8.708473620006515
Brian Simpson,126516,0,11.517434354704491
Chris Gethard,62262,0,10.999859581624811
Bridger Zadina,3167,0,8.105025348231004
Mia Wasikowska,48055,0,10.921507220669776
Crispin Glover,49511,0,10.843636066037716
Marton Csokas,5500,0,9.16029770329256
Lindsay Duncan,366,0,6.297397269488331
Matt Lucas,356290,0,12.174346406936237
Geraldine James,236845,0,12.8098487152472
Leo Bill,1459,0,7.241211137874805
Frances de la Tour,36,0,3.933037799682751
Michael Sheen,37570,0,11.884062132880098
Paul Whitehouse,4417,0,8.574816006773707
Michael Gough,1311,0,7.408809471546487
Imelda Staunton,1452,0,6.815791411012837
Eleanor Tomlinson,243513,0,12.576434355137033
Jemma Powell,11637,0,9.34064990257398
Eleanor Gecks,1906,0,8.210799624292738
Rebecca Crookshank,2533,0,8.087498359413129
Holly Hawkins,371,0,6.030931255806028
Lucy Davenport,4625,0,8.557393862069059
Joel Swetow,4,0,1.3906735032151212
Jessica Oyelowo,22351,0,10.563903392409069
Chris Grabher,967,0,6.976023257594602
Bonnie Parker,2532,0,7.6890446679766
Dale Mercer,24300,0,10.159751390020052
Cortney Palm,15659,0,9.454176974615677
Hugh Jackman,31407932,0,17.776988951905636
Halle Berry,8608423,0,16.246850376677592
Patrick Stewart,1732587,0,13.755329761880699
Famke Janssen,16298,0,10.084603788269245
Anna Paquin,449340,0,12.32603289521427
Kelsey Grammer,40504,0,10.566779428482223
Shawn Ashmore,219005,0,11.873911754339389
Aaron Stanford,15434,0,9.59857137311322
Ellen Page,5898941,0,15.369713719867178
Rebecca Romijn,281494,0,14.03701783248703
Vinnie Jones,240327,0,12.572146954731535
Ben Foster,643155,0,12.74972845143698
Daniel Cudmore,18812,0,9.924358025214888
Dania Ramirez,1089563,0,13.034141671226122
Cameron Bright,2951,0,7.8682836559014735
Ken Leung,158,0,5.176268941819428
Eric Dane,3298446,0,14.365336359537665
Omahyra Mota,34905,0,9.374235777256429
Meiling MelanÃ¢ËÅ¡ÃÅ¸on,11221,0,
Shauna Kain,836,0,6.604381516205651
Michael Murphy,501561,0,13.241541708270395
Shohreh Aghdashloo,674096,0,14.002637448868612
Josef Sommer,706,0,6.845549850545903
Bill Duke,75036,0,11.229419957826186
Haley Ramm,84623,0,11.492852352107057
Cayden Boyd,133006,0,12.771531748982088
Alex Ferris,2393,0,7.712502639611481
Olivia Williams,1163,0,6.799922958588265
Billy Crystal,3180,0,7.801080799702007
John Goodman,269,0,5.5745477370962915
Steve Buscemi,7795,0,9.318742980638856
Helen Mirren,1152859,0,12.773343994662563
Noah Johnston,13206,0,9.737640813015616
Peter Sohn,10343,0,10.247043670562677
Joel Murray,10962,0,8.583914055656775
Sean Hayes,1442993,0,14.758316593450315
Dave Foley,32324,0,9.923852104683135
Charlie Day,1690379,0,14.12393353722342
Tyler Labine,200134,0,11.553237818751194
Nathan Fillion,1468075,0,14.270467682897012
Aubrey Plaza,4570079,0,13.80473521256206
Bobby Moynihan,215882,0,12.50075002494132
Julia Sweeney,695,0,6.684182424879353
Bonnie Hunt,56367,0,10.90995212453984
John Krasinski,4876289,0,14.84280842233713
Beth Behrs,1274984,0,13.600465818816962
Bob Peterson,1656,0,7.539130114438448
John Ratzenberger,219,0,5.426635053761691
Frank Oz,79,0,4.203630421371521
Ava Acres,32312,0,10.52616850295836
Shia LaBeouf,7395,0,8.618782108694784
Megan Fox,21650255,0,16.702342536926743
Josh Duhamel,2310914,0,14.645558219257236
Rainn Wilson,3525687,0,14.920952217410244
Tyrese Gibson,18090628,0,17.700522910066397
John Turturro,19148,0,9.65545731296625
Kevin Dunn,246,0,5.65906129348523
Julie White,811,0,6.764890458990718
RamÃ¢ËÅ¡Ã¢â°Â¥n RodrÃ¢ËÅ¡Ã¢â°Â guez,31633,0,
Isabel Lucas,219672,0,12.471958161758378
Glenn Morshower,2677,0,7.287121157500207
Marc Evan Jackson,212004,0,12.571077878732366
Peter Cullen,8814,0,9.350223417148285
Arnold Chun,1880,0,7.11546193120479
Katie Lowes,390054,0,12.62744412950702
Mark Ryan,38324,0,10.579704208418859
Reno Wilson,100453,0,11.107547744251608
Jess Harnell,70299,0,11.533001826395896
Robert Foxworth,794,0,6.604767595925486
AndrÃ¢ËÅ¡ÃÂ© Sogliuzzo,1712,0,
Grey Griffin,95751,0,11.990027299877752
Tony Todd,74891,0,12.198175582510553
Charlie Adler,4054,0,7.773899780036731
Frank Welker,280,0,5.686195521174525
Tom Kenny,11489,0,9.583469756596283
Michael York,295,0,5.594933348096685
John Eric Bentley,3746,0,8.553703809396149
America Olivo,8468,0,9.998136145337748
Andrew Howard,3421,0,7.948416540909935
Matthew Marsden,15568,0,9.256686547889128
Deep Roy,45133,0,10.79540520424543
Mark Wahlberg,25814936,0,16.579599887398956
Stanley Tucci,4012132,0,14.84933497544657
Nicola Peltz,3087180,0,14.292777950255916
Jack Reynor,63088,0,9.664532530889899
Titus Welliver,66599,0,11.904706595134375
Sophia Myles,13472,0,8.834824010579412
Li Bingbing,589879,0,14.795340859316005
T.J. Miller,343637,0,12.907633236293883
James Bachman,356,0,5.923081789518623
Greg Anderson,117097,0,11.730612715527315
Melanie Specht,81898,0,11.445760947693522
Victoria Summer,29357,0,10.393809038785772
Han Geng,254611,0,11.59186086984227
Kevin Covais,3355,0,8.07865119917542
Ken Watanabe,50632,0,11.380621281890845
John DiMaggio,57786,0,11.573098458480741
Mark Rolston,2352,0,8.344933091594992
Charles Parnell,11060,0,8.876941427988026
Erika Fong,53408,0,10.413662032496566
Glenn Keogh,2057,0,7.829054606960392
Richard Gallion,7198,0,9.222290303423696
Kassem Gharaibeh,110901,0,12.218811795468833
Tyrone Smith,114303,0,12.459545347006008
Candice Zhao,1565,0,7.480925009748212
Cleo King,3578,0,8.06040619191172
Patrick Bristow,174,0,5.23069224056365
Michael Wong,42185,0,10.409003723166474
Mila Kunis,1430603,0,14.283367294306238
Rachel Weisz,206139,0,11.849103774110926
Michelle Williams,1218739,0,13.759436023305204
Zach Braff,1509609,0,13.510709384050205
Bill Cobbs,901,0,6.4951564688721035
Tony Cox,6586,0,8.250282368163322
Stephen R. Hart,115601,0,11.465096867748693
Abigail Spencer,800711,0,13.361564391371797
Tim Holmes,775,0,6.152991547211023
William Dick,34,0,3.3212285403476836
Gene Jones,1649,0,7.233728641400754
Shannon Murray,12179,0,9.535515840981223
CiarÃÂ·n Hinds,1116,0,
David Backus,7644,0,8.772529204463558
CiarÃ¡n Hinds,1117,0,
Derrick 'Phoenix' Thomas,2668,0,
Stellan SkarsgÃ¥rd,11051,0,
Patrick O'Connor Cronin,285891,0,
JoaquÃ­n Cosio,290089,0,
JesÃºs Ochoa,48792,0,
Skandar Keynes,13827,0,9.673049144498666
DamiÃ¡n AlcÃ¡zar,5024,0,
KlÃ¡ra IssovÃ¡,34553,0,
Maximiliano HernÃ¡ndez,2038,0,
M'laah Kaur Singh,5535,0,
Martin Palmer,2689,0,7.873086810012245
Frank Powers,725,0,6.477367401869582
Christina Shaffer,338,0,5.822939364658377
PenÃ©lope Cruz,6807196,0,
Astrid BergÃ¨s-Frisbey,174241,0,
Damian O'Hare,871,0,
Ãscar Jaenada,288605,0,
Alice Eve,384251,0,13.259137124197547
Stephen Hunter,945,0,6.961943981797178
Dean O'Gorman,36966,0,10.97115728456691
Aidan Turner,20417,0,9.419631876159793
John Callen,287,0,5.662312267482934
Peter Hambleton,14,0,2.6902510055400923
Jed Brophy,13798,0,9.148795110968864
Adam Brown,10441,0,9.527688756936154
Cate Blanchett,507377,0,12.154349549739454
Hugo Weaving,3460,0,8.389347070756326
Sally Field,22318,0,9.03272950925502
Charlie DePew,79534,0,11.187465368415964
LÃ©a Seydoux,100704,0,
Jonathan ZaccaÃ¯,297,0,
Charlie Rowe,100699,0,11.69263823220041
Frank Edwards,1015014,0,13.716468213959434
Griffin Howell,1194,0,7.136307029451735
Daniel BrÃ¼hl,822087,0,
Ralphael Grand'Pierre,1762,0,
D'Mahrei McRae,2612932,0,
Michael Anthony Rogers,81,0,4.545457929943988
